Date,Open,High,Low,Close,Volume
2023-01-02,5.2855000495910645,5.362100124359131,5.281983852386475,5.2855000495910645,0.0
2023-01-03,5.360130786895752,5.422100067138672,5.340700149536133,5.360130786895752,0.0
2023-01-04,5.478499889373779,5.479400157928467,5.4257001876831055,5.478499889373779,0.0
2023-01-05,5.430099964141846,5.431099891662598,5.369500160217285,5.430099964141846,0.0
2023-01-06,5.349800109863281,5.360858917236328,5.244500160217285,5.349800109863281,0.0
2023-01-09,5.224400043487549,5.306399822235107,5.220956802368164,5.224400043487549,0.0
2023-01-10,5.253699779510498,5.270648002624512,5.209530830383301,5.253699779510498,0.0
2023-01-11,5.198299884796143,5.231500148773193,5.187190055847168,5.198299884796143,0.0
2023-01-12,5.1585001945495605,5.17710018157959,5.110400199890137,5.1585001945495605,0.0
2023-01-13,5.107699871063232,5.1528000831604,5.085400104522705,5.107699871063232,0.0
2023-01-16,5.080699920654297,5.1280999183654785,5.088799953460693,5.080699920654297,0.0
2023-01-17,5.145999908447266,5.15369987487793,5.094900131225586,5.145999908447266,0.0
2023-01-18,5.099599838256836,5.133800029754639,5.064700126647949,5.099599838256836,0.0
2023-01-19,5.185299873352051,5.249170780181885,5.182400226593018,5.185299873352051,0.0
2023-01-20,5.172999858856201,5.236599922180176,5.164899826049805,5.172999858856201,0.0
2023-01-23,5.206299781799316,5.214799880981445,5.165500164031982,5.206299781799316,0.0
2023-01-24,5.205900192260742,5.214799880981445,5.139400005340576,5.205900192260742,0.0
2023-01-25,5.138400077819824,5.142899990081787,5.071798801422119,5.138400077819824,0.0
2023-01-26,5.072199821472168,5.111800193786621,5.057525157928467,5.072199821472168,0.0
2023-01-27,5.062745094299316,5.100800037384033,5.054416179656982,5.062745094299316,0.0
2023-01-30,5.1072001457214355,5.122399806976318,5.081096172332764,5.1072001457214355,0.0
2023-01-31,5.1149001121521,5.133699893951416,5.077499866485596,5.1149001121521,0.0
2023-02-01,5.072199821472168,5.0868000984191895,5.047900199890137,5.072199821472168,0.0
2023-02-02,5.053500175476074,5.054500102996826,4.941699981689453,5.053500175476074,0.0
2023-02-03,5.049200057983398,5.134699821472168,5.04675817489624,5.049200057983398,0.0
2023-02-06,5.149799823760986,5.205999851226807,5.147992134094238,5.149799823760986,0.0
2023-02-07,5.145699977874756,5.205699920654297,5.1333842277526855,5.145699977874756,0.0
2023-02-08,5.2093000411987305,5.240099906921387,5.164116859436035,5.2093000411987305,0.0
2023-02-09,5.19950008392334,5.27400016784668,5.170100212097168,5.19950008392334,0.0
2023-02-10,5.2895002365112305,5.304565906524658,5.225172996520996,5.2895002365112305,0.0
2023-02-13,5.213482856750488,5.221399784088135,5.158999919891357,5.213482856750488,0.0
2023-02-14,5.158400058746338,5.1809000968933105,5.126577854156494,5.158400058746338,0.0
2023-02-15,5.191500186920166,5.237500190734863,5.144326210021973,5.191500186920166,0.0
2023-02-16,5.2179999351501465,5.2555999755859375,5.195919990539551,5.2179999351501465,0.0
2023-02-17,5.216800212860107,5.245128154754639,5.171154022216797,5.216800212860107,0.0
2023-02-20,5.165168762207031,5.168000221252441,5.163400173187256,5.165168762207031,0.0
2023-02-21,5.1666998863220215,5.167300224304199,5.147881984710693,5.1666998863220215,0.0
2023-02-22,5.166500091552734,5.209799766540527,5.163771152496338,5.166500091552734,0.0
2023-02-23,5.151199817657471,5.17140007019043,5.109600067138672,5.151199817657471,0.0
2023-02-24,5.136199951171875,5.196199893951416,5.133802890777588,5.136199951171875,0.0
2023-02-27,5.207799911499023,5.2108001708984375,5.1688737869262695,5.207799911499023,0.0
2023-02-28,5.199699878692627,5.2399001121521,5.180500030517578,5.199699878692627,0.0
2023-03-01,5.235899925231934,5.236700057983398,5.1880998611450195,5.235899925231934,0.0
2023-03-02,5.178299903869629,5.225800037384033,5.174952030181885,5.178299903869629,0.0
2023-03-03,5.1996002197265625,5.225500106811523,5.187300205230713,5.1996002197265625,0.0
2023-03-06,5.194399833679199,5.215000152587891,5.15880012512207,5.194399833679199,0.0
2023-03-07,5.152200222015381,5.203000068664551,5.149921894073486,5.152200222015381,0.0
2023-03-08,5.190000057220459,5.192699909210205,5.10290002822876,5.190000057220459,0.0
2023-03-09,5.144400119781494,5.154399871826172,5.11117696762085,5.144400119781494,0.0
2023-03-10,5.163700103759766,5.203499794006348,5.149460792541504,5.163700103759766,0.0
2023-03-13,5.21560001373291,5.278299808502197,5.210000038146973,5.21560001373291,0.0
2023-03-14,5.245699882507324,5.257299900054932,5.220570087432861,5.245699882507324,0.0
2023-03-15,5.251699924468994,5.321486949920654,5.246898174285889,5.251699924468994,0.0
2023-03-16,5.287099838256836,5.308800220489502,5.26200008392334,5.287099838256836,0.0
2023-03-17,5.229599952697754,5.282700061798096,5.2269978523254395,5.229599952697754,0.0
2023-03-20,5.2778000831604,5.282100200653076,5.228000164031982,5.2778000831604,0.0
2023-03-21,5.2357001304626465,5.250500202178955,5.214111804962158,5.2357001304626465,0.0
2023-03-22,5.240900039672852,5.277299880981445,5.238010883331299,5.240900039672852,0.0
2023-03-23,5.236100196838379,5.277599811553955,5.201099872589111,5.236100196838379,0.0
2023-03-24,5.2967000007629395,5.336699962615967,5.244999885559082,5.2967000007629395,0.0
2023-03-27,5.245100021362305,5.247499942779541,5.21619987487793,5.245100021362305,0.0
2023-03-28,5.1971001625061035,5.197700023651123,5.147900104522705,5.1971001625061035,0.0
2023-03-29,5.164400100708008,5.182300090789795,5.131730079650879,5.164400100708008,0.0
2023-03-30,5.134200096130371,5.155928134918213,5.077300071716309,5.134200096130371,0.0
2023-03-31,5.092700004577637,5.103300094604492,5.055200099945068,5.092700004577637,0.0
2023-04-03,5.062300205230713,5.075500011444092,5.036215782165527,5.062300205230713,0.0
2023-04-04,5.0630998611450195,5.097599983215332,5.048276901245117,5.0630998611450195,0.0
2023-04-05,5.070700168609619,5.0742998123168945,5.027503967285156,5.070700168609619,0.0
2023-04-06,5.033199787139893,5.07889986038208,5.028911113739014,5.033199787139893,0.0
2023-04-07,5.058300018310547,5.058499813079834,5.004350185394287,5.058300018310547,0.0
2023-04-10,5.0543999671936035,5.088699817657471,5.045100212097168,5.0543999671936035,0.0
2023-04-11,5.065299987792969,5.067599773406982,4.988999843597412,5.065299987792969,0.0
2023-04-12,5.004000186920166,5.006199836730957,4.916999816894531,5.004000186920166,0.0
2023-04-13,4.916900157928467,4.934199810028076,4.895641803741455,4.916900157928467,0.0
2023-04-14,4.926700115203857,4.962100028991699,4.9039998054504395,4.926700115203857,0.0
2023-04-17,4.908699989318848,4.954500198364258,4.898399829864502,4.908699989318848,0.0
2023-04-18,4.939799785614014,4.9892191886901855,4.909900188446045,4.939799785614014,0.0
2023-04-19,4.984300136566162,5.059599876403809,4.981914043426514,4.984300136566162,0.0
2023-04-20,5.0742998123168945,5.0817999839782715,5.036600112915039,5.0742998123168945,0.0
2023-04-21,5.047699928283691,5.049200057983398,5.044340133666992,5.047699928283691,0.0
2023-04-24,5.047900199890137,5.082099914550781,5.043099880218506,5.047900199890137,0.0
2023-04-25,5.033400058746338,5.079599857330322,5.0304999351501465,5.033400058746338,0.0
2023-04-26,5.053100109100342,5.070400238037109,5.034200191497803,5.053100109100342,0.0
2023-04-27,5.043000221252441,5.045499801635742,5.0,5.043000221252441,0.0
2023-04-28,4.976200103759766,5.014900207519531,4.973421096801758,4.976200103759766,0.0
2023-05-01,4.986000061035156,4.9878997802734375,4.985899925231934,4.986000061035156,0.0
2023-05-02,4.9878997802734375,5.049499988555908,4.959331035614014,4.9878997802734375,0.0
2023-05-03,5.038400173187256,5.048399925231934,5.0030999183654785,5.038400173187256,0.0
2023-05-04,4.9944000244140625,5.03249979019165,4.969699859619141,4.9944000244140625,0.0
2023-05-05,4.982600212097168,4.997600078582764,4.952099800109863,4.982600212097168,0.0
2023-05-08,4.951700210571289,4.992199897766113,4.939199924468994,4.951700210571289,0.0
2023-05-09,5.007999897003174,5.033299922943115,4.983399868011475,5.007999897003174,0.0
2023-05-10,4.985899925231934,4.9893999099731445,4.9359002113342285,4.985899925231934,0.0
2023-05-11,4.94290018081665,4.981299877166748,4.940281867980957,4.94290018081665,0.0
2023-05-12,4.929500102996826,4.953499794006348,4.908999919891357,4.929500102996826,0.0
2023-05-15,4.920199871063232,4.930500030517578,4.898891925811768,4.920199871063232,0.0
2023-05-16,4.887899875640869,4.928699970245361,4.885000228881836,4.887899875640869,0.0
2023-05-17,4.9394001960754395,4.968200206756592,4.9328999519348145,4.9394001960754395,0.0
2023-05-18,4.937699794769287,4.976500034332275,4.934599876403809,4.937699794769287,0.0
2023-05-19,4.964399814605713,4.999499797821045,4.941186904907227,4.964399814605713,0.0
2023-05-22,4.996799945831299,5.002099990844727,4.955399990081787,4.996799945831299,0.0
2023-05-23,4.966100215911865,4.991600036621094,4.948136806488037,4.966100215911865,0.0
2023-05-24,4.971199989318848,4.9745001792907715,4.935100078582764,4.971199989318848,0.0
2023-05-25,4.958600044250488,5.019400119781494,4.9423441886901855,4.958600044250488,0.0
2023-05-26,5.035200119018555,5.035799980163574,4.998300075531006,5.035200119018555,0.0
2023-05-29,4.992800235748291,5.010000228881836,4.970799922943115,4.992800235748291,0.0
2023-05-30,5.018099784851074,5.063600063323975,4.997626781463623,5.018099784851074,0.0
2023-05-31,5.034800052642822,5.121399879455566,5.032331943511963,5.034800052642822,0.0
2023-06-01,5.054800033569336,5.055300235748291,5.008421897888184,5.054800033569336,0.0
2023-06-02,5.0131001472473145,5.013700008392334,4.9435319900512695,5.0131001472473145,0.0
2023-06-05,4.956600189208984,4.969799995422363,4.911917209625244,4.956600189208984,0.0
2023-06-06,4.925600051879883,4.95419979095459,4.9045000076293945,4.925600051879883,0.0
2023-06-07,4.9120001792907715,4.929200172424316,4.898799896240234,4.9120001792907715,0.0
2023-06-08,4.922399997711182,4.92519998550415,4.8935699462890625,4.922399997711182,0.0
2023-06-09,4.922100067138672,4.925099849700928,4.85830020904541,4.922100067138672,0.0
2023-06-12,4.877900123596191,4.895599842071533,4.865635871887207,4.877900123596191,0.0
2023-06-13,4.860599994659424,4.875400066375732,4.844746112823486,4.860599994659424,0.0
2023-06-14,4.861000061035156,4.863399982452393,4.836825847625732,4.861000061035156,0.0
2023-06-15,4.815000057220459,4.84250020980835,4.8018999099731445,4.815000057220459,0.0
2023-06-16,4.809199810028076,4.847700119018555,4.802499771118164,4.809199810028076,0.0
2023-06-19,4.807000160217285,4.827300071716309,4.766300201416016,4.807000160217285,0.0
2023-06-20,4.776899814605713,4.797599792480469,4.772200107574463,4.776899814605713,0.0
2023-06-21,4.789299964904785,4.814499855041504,4.763199806213379,4.789299964904785,0.0
2023-06-22,4.76230001449585,4.779099941253662,4.737407207489014,4.76230001449585,0.0
2023-06-23,4.7697367668151855,4.802599906921387,4.765414237976074,4.7697367668151855,0.0
2023-06-26,4.7855000495910645,4.786200046539307,4.75774621963501,4.7855000495910645,0.0
2023-06-27,4.767300128936768,4.8043999671936035,4.750400066375732,4.767300128936768,0.0
2023-06-28,4.810500144958496,4.868500232696533,4.808137893676758,4.810500144958496,0.0
2023-06-29,4.850500106811523,4.871600151062012,4.809946060180664,4.850500106811523,0.0
2023-06-30,4.855599880218506,4.867499828338623,4.809299945831299,4.855599880218506,0.0
2023-07-03,4.784200191497803,4.792900085449219,4.758143901824951,4.784200191497803,0.0
2023-07-04,4.80649995803833,4.817399978637695,4.781799793243408,4.80649995803833,0.0
2023-07-05,4.839900016784668,4.868199825286865,4.8368000984191895,4.839900016784668,0.0
2023-07-06,4.8471999168396,4.923900127410889,4.838892936706543,4.8471999168396,0.0
2023-07-07,4.918700218200684,4.9293999671936035,4.859095096588135,4.918700218200684,0.0
2023-07-10,4.8709001541137695,4.891200065612793,4.856100082397461,4.8709001541137695,0.0
2023-07-11,4.898200035095215,4.9197998046875,4.879406929016113,4.898200035095215,0.0
2023-07-12,4.851500034332275,4.858399868011475,4.7829999923706055,4.851500034332275,0.0
2023-07-13,4.81689977645874,4.8227620124816895,4.779804229736328,4.81689977645874,0.0
2023-07-14,4.7947998046875,4.806300163269043,4.771745204925537,4.7947998046875,0.0
2023-07-17,4.788099765777588,4.8470001220703125,4.772340774536133,4.788099765777588,0.0
2023-07-18,4.805799961090088,4.825099945068359,4.7627692222595215,4.805799961090088,0.0
2023-07-19,4.809299945831299,4.8171000480651855,4.783400058746338,4.809299945831299,0.0
2023-07-20,4.789899826049805,4.808199882507324,4.7677998542785645,4.789899826049805,0.0
2023-07-21,4.796899795532227,4.813961982727051,4.7592878341674805,4.796899795532227,0.0
2023-07-24,4.777400016784668,4.779200077056885,4.720375061035156,4.777400016784668,0.0
2023-07-25,4.725500106811523,4.75629997253418,4.715330123901367,4.725500106811523,0.0
2023-07-26,4.748899936676025,4.753300189971924,4.727200031280518,4.748899936676025,0.0
2023-07-27,4.736199855804443,4.7368998527526855,4.709400177001953,4.736199855804443,0.0
2023-07-28,4.741600036621094,4.748499870300293,4.695682048797607,4.741600036621094,0.0
2023-07-31,4.723299980163574,4.757999897003174,4.702225208282471,4.723299980163574,0.0
2023-08-01,4.724699974060059,4.78849983215332,4.72075891494751,4.724699974060059,0.0
2023-08-02,4.791999816894531,4.81879997253418,4.778113842010498,4.791999816894531,0.0
2023-08-03,4.810400009155273,4.893199920654297,4.808488845825195,4.810400009155273,0.0
2023-08-04,4.916399955749512,4.918300151824951,4.845600128173828,4.916399955749512,0.0
2023-08-07,4.88539981842041,4.910699844360352,4.85941219329834,4.88539981842041,0.0
2023-08-08,4.89900016784668,4.9368062019348145,4.894811153411865,4.89900016784668,0.0
2023-08-09,4.898600101470947,4.910699844360352,4.872499942779541,4.898600101470947,0.0
2023-08-10,4.901700019836426,4.903900146484375,4.838523864746094,4.901700019836426,0.0
2023-08-11,4.891499996185303,4.904300212860107,4.860943794250488,4.891499996185303,0.0
2023-08-14,4.910999774932861,4.961900234222412,4.889688968658447,4.910999774932861,0.0
2023-08-15,4.962100028991699,4.99560022354126,4.957699775695801,4.962100028991699,0.0
2023-08-16,4.9832000732421875,4.98829984664917,4.951272010803223,4.9832000732421875,0.0
2023-08-17,4.9868998527526855,4.992800235748291,4.958000183105469,4.9868998527526855,0.0
2023-08-18,4.975500106811523,4.99560022354126,4.959499835968018,4.975500106811523,0.0
2023-08-21,4.966899871826172,4.993800163269043,4.950191020965576,4.966899871826172,0.0
2023-08-22,4.978700160980225,4.9791998863220215,4.922945976257324,4.978700160980225,0.0
2023-08-23,4.937099933624268,4.941199779510498,4.867554187774658,4.937099933624268,0.0
2023-08-24,4.855100154876709,4.883299827575684,4.853884220123291,4.855100154876709,0.0
2023-08-25,4.880300045013428,4.89739990234375,4.855253219604492,4.880300045013428,0.0
2023-08-28,4.8703999519348145,4.899400234222412,4.859676837921143,4.8703999519348145,0.0
2023-08-29,4.872600078582764,4.899600028991699,4.843087196350098,4.872600078582764,0.0
2023-08-30,4.85129976272583,4.880799770355225,4.822085857391357,4.85129976272583,0.0
2023-08-31,4.888400077819824,4.955900192260742,4.867199897766113,4.888400077819824,0.0
2023-09-01,4.953800201416016,4.954599857330322,4.898799896240234,4.953800201416016,0.0
2023-09-04,4.97629976272583,4.976900100708008,4.906954765319824,4.97629976272583,0.0
2023-09-05,4.936200141906738,4.978400230407715,4.929841995239258,4.936200141906738,0.0
2023-09-06,4.966700077056885,4.992099761962891,4.923482894897461,4.966700077056885,0.0
2023-09-07,4.9770002365112305,4.978499889373779,4.9738030433654785,4.9770002365112305,0.0
2023-09-08,4.976099967956543,4.991799831390381,4.963500022888184,4.976099967956543,0.0
2023-09-11,4.982999801635742,4.985599994659424,4.927499771118164,4.982999801635742,0.0
2023-09-12,4.9293999671936035,4.966100215911865,4.927076816558838,4.9293999671936035,0.0
2023-09-13,4.946599960327148,4.960000038146973,4.897299766540527,4.946599960327148,0.0
2023-09-14,4.91540002822876,4.917200088500977,4.861839771270752,4.91540002822876,0.0
2023-09-15,4.868199825286865,4.875400066375732,4.857699871063232,4.868199825286865,0.0
2023-09-18,4.867000102996826,4.872600078582764,4.842462062835693,4.867000102996826,0.0
2023-09-19,4.853700160980225,4.862500190734863,4.835390090942383,4.853700160980225,0.0
2023-09-20,4.865799903869629,4.8678998947143555,4.83873987197876,4.865799903869629,0.0
2023-09-21,4.878799915313721,4.930500030517578,4.876031875610352,4.878799915313721,0.0
2023-09-22,4.934899806976318,4.9359002113342285,4.90171480178833,4.934899806976318,0.0
2023-09-25,4.933899879455566,4.965199947357178,4.9303998947143555,4.933899879455566,0.0
2023-09-26,4.968299865722656,4.982900142669678,4.936555862426758,4.968299865722656,0.0
2023-09-27,4.986199855804443,5.0559000968933105,4.983250141143799,4.986199855804443,0.0
2023-09-28,5.042200088500977,5.065199851989746,5.01437520980835,5.042200088500977,0.0
2023-09-29,5.032800197601318,5.035600185394287,4.98859977722168,5.032800197601318,0.0
2023-10-02,5.042799949645996,5.076099872589111,5.0207390785217285,5.042799949645996,0.0
2023-10-03,5.061500072479248,5.1346001625061035,5.059925079345703,5.061500072479248,0.0
2023-10-04,5.166299819946289,5.175899982452393,5.122887134552002,5.166299819946289,0.0
2023-10-05,5.154600143432617,5.184899806976318,5.135422229766846,5.154600143432617,0.0
2023-10-06,5.164999961853027,5.2153000831604,5.120663166046143,5.164999961853027,0.0
2023-10-09,5.145699977874756,5.17549991607666,5.143194198608398,5.145699977874756,0.0
2023-10-10,5.135200023651123,5.136000156402588,5.06279993057251,5.135200023651123,0.0
2023-10-11,5.051000118255615,5.059599876403809,5.0279998779296875,5.051000118255615,0.0
2023-10-12,5.049600124359131,5.049600124359131,5.019015789031982,5.049600124359131,0.0
2023-10-13,5.045899868011475,5.079800128936768,5.042699813842773,5.045899868011475,0.0
2023-10-16,5.0482001304626465,5.081600189208984,5.026019096374512,5.0482001304626465,0.0
2023-10-17,5.037600040435791,5.063799858093262,5.008824825286865,5.037600040435791,0.0
2023-10-18,5.037399768829346,5.073500156402588,5.010034084320068,5.037399768829346,0.0
2023-10-19,5.056099891662598,5.0721001625061035,5.023056983947754,5.056099891662598,0.0
2023-10-20,5.062900066375732,5.095399856567383,5.024584770202637,5.062900066375732,0.0
2023-10-23,5.031300067901611,5.049708843231201,4.999200820922852,5.031300067901611,0.0
2023-10-24,5.01230001449585,5.026100158691406,4.971456050872803,5.01230001449585,0.0
2023-10-25,4.991000175476074,5.016499996185303,4.985899925231934,4.991000175476074,0.0
2023-10-26,4.994699954986572,5.014800071716309,4.986612796783447,4.994699954986572,0.0
2023-10-27,4.985300064086914,4.987400054931641,4.930200099945068,4.985300064086914,0.0
2023-10-30,4.952030181884766,5.047800064086914,4.952030181884766,4.952030181884766,0.0
2023-10-31,5.04610013961792,5.06790018081665,5.010041236877441,5.04610013961792,0.0
2023-11-01,5.03410005569458,5.042799949645996,5.0046000480651855,5.03410005569458,0.0
2023-11-02,4.953700065612793,4.953700065612793,4.922293186187744,4.953700065612793,0.0
2023-11-03,4.952899932861328,4.95419979095459,4.877799987792969,4.952899932861328,0.0
2023-11-06,4.899199962615967,4.90939998626709,4.885272979736328,4.899199962615967,0.0
2023-11-07,4.884099960327148,4.90025520324707,4.856500148773193,4.884099960327148,0.0
2023-11-08,4.871500015258789,4.8993000984191895,4.852466106414795,4.871500015258789,0.0
2023-11-09,4.909299850463867,4.9105000495910645,4.891499996185303,4.909299850463867,0.0
2023-11-10,4.933899879455566,4.949699878692627,4.889802932739258,4.933899879455566,0.0
2023-11-13,4.893379211425781,4.940499782562256,4.893379211425781,4.893379211425781,0.0
2023-11-14,4.906199932098389,4.907800197601318,4.8485941886901855,4.906199932098389,0.0
2023-11-15,4.864500045776367,4.866499900817871,4.85652494430542,4.864500045776367,0.0
2023-11-16,4.860899925231934,4.8831000328063965,4.8362908363342285,4.860899925231934,0.0
2023-11-17,4.862199783325195,4.901500225067139,4.84689998626709,4.862199783325195,0.0
2023-11-20,4.819177150726318,4.906099796295166,4.828517913818359,4.819177150726318,0.0
2023-11-21,4.851799964904785,4.8927998542785645,4.844200134277344,4.851799964904785,0.0
2023-11-22,4.8993000984191895,4.90339994430542,4.877900123596191,4.8993000984191895,0.0
2023-11-23,4.9054999351501465,4.906599998474121,4.883581161499023,4.9054999351501465,0.0
2023-11-24,4.902500152587891,4.907400131225586,4.880830764770508,4.902500152587891,0.0
2023-11-27,4.900899887084961,4.919300079345703,4.87097692489624,4.900899887084961,0.0
2023-11-28,4.895500183105469,4.906099796295166,4.857999801635742,4.895500183105469,0.0
2023-11-29,4.869800090789795,4.902100086212158,4.856947898864746,4.869800090789795,0.0
2023-11-30,4.904099941253662,4.942699909210205,4.902152061462402,4.904099941253662,0.0
2023-12-01,4.923099994659424,4.935100078582764,4.877999782562256,4.923099994659424,0.0
2023-12-04,4.902159214019775,4.929800033569336,4.857593059539795,4.902159214019775,0.0
2023-12-05,4.9430999755859375,4.964700222015381,4.928299903869629,4.9430999755859375,0.0
2023-12-06,4.927700042724609,4.929599761962891,4.887499809265137,4.927700042724609,0.0
2023-12-07,4.901199817657471,4.9130330085754395,4.879300117492676,4.901199817657471,0.0
2023-12-08,4.910099983215332,4.933300018310547,4.87221622467041,4.910099983215332,0.0
2023-12-11,4.893286228179932,4.957799911499023,4.893186092376709,4.893286228179932,0.0
2023-12-12,4.936699867248535,4.964600086212158,4.906617164611816,4.936699867248535,0.0
2023-12-13,4.9644999504089355,4.974599838256836,4.944499969482422,4.9644999504089355,0.0
2023-12-14,4.918399810791016,4.919000148773193,4.872499942779541,4.918399810791016,0.0
2023-12-15,4.914599895477295,4.948500156402588,4.87259578704834,4.914599895477295,0.0
2023-12-18,4.919657230377197,4.949399948120117,4.925561904907227,4.919657230377197,0.0
2023-12-19,4.895899772644043,4.902100086212158,4.8540449142456055,4.895899772644043,0.0
2023-12-20,4.866499900817871,4.890699863433838,4.854948997497559,4.866499900817871,0.0
2023-12-21,4.914599895477295,4.914599895477295,4.864099979400635,4.914599895477295,0.0
2023-12-22,4.881800174713135,4.8892998695373535,4.853300094604492,4.881800174713135,0.0
2023-12-25,4.86984395980835,4.874801158905029,4.859499931335449,4.86984395980835,0.0
2023-12-26,4.869743824005127,4.890900135040283,4.82480001449585,4.869743824005127,0.0
2023-12-27,4.813499927520752,4.834400177001953,4.802199840545654,4.813499927520752,0.0
2023-12-28,4.826099872589111,4.851099967956543,4.761507034301758,4.826099872589111,0.0
2023-12-29,4.850200176239014,4.851799964904785,4.822854995727539,4.850200176239014,0.0
2024-01-01,4.850500106811523,4.852499961853027,4.851799964904785,4.850500106811523,0.0
2024-01-02,4.852399826049805,4.905099868774414,4.849503993988037,4.852399826049805,0.0
2024-01-03,4.922500133514404,4.9328999519348145,4.89905309677124,4.922500133514404,0.0
2024-01-04,4.9191999435424805,4.933300018310547,4.903200149536133,4.9191999435424805,0.0
2024-01-05,4.895599842071533,4.93209981918335,4.860499858856201,4.895599842071533,0.0
2024-01-08,4.8606672286987305,4.897799968719482,4.854679107666016,4.8606672286987305,0.0
2024-01-09,4.86899995803833,4.9054999351501465,4.841320037841797,4.86899995803833,0.0
2024-01-10,4.905099868774414,4.906400203704834,4.876999855041504,4.905099868774414,0.0
2024-01-11,4.89139986038208,4.892600059509277,4.857791900634766,4.89139986038208,0.0
2024-01-12,4.869699954986572,4.875,4.831500053405762,4.869699954986572,0.0
2024-01-15,4.85290002822876,4.881100177764893,4.8394999504089355,4.85290002822876,0.0
2024-01-16,4.862199783325195,4.923318862915039,4.857785224914551,4.862199783325195,0.0
2024-01-17,4.924900054931641,4.947700023651123,4.921599864959717,4.924900054931641,0.0
2024-01-18,4.934000015258789,4.9527997970581055,4.90003776550293,4.934000015258789,0.0
2024-01-19,4.92609977722168,4.934899806976318,4.902200222015381,4.92609977722168,0.0
2024-01-22,4.904642105102539,4.989999771118164,4.901830196380615,4.904642105102539,0.0
2024-01-23,4.98829984664917,4.998499870300293,4.956900119781494,4.98829984664917,0.0
2024-01-24,4.952199935913086,4.952899932861328,4.9064459800720215,4.952199935913086,0.0
2024-01-25,4.932499885559082,4.932799816131592,4.906499862670898,4.932499885559082,0.0
2024-01-26,4.915800094604492,4.92080020904541,4.901199817657471,4.915800094604492,0.0
2024-01-29,4.913599967956543,4.947700023651123,4.904799938201904,4.913599967956543,0.0
2024-01-30,4.950200080871582,4.97730016708374,4.933199882507324,4.950200080871582,0.0
2024-01-31,4.950300216674805,4.962100028991699,4.927000045776367,4.950300216674805,0.0
2024-02-01,4.951900005340576,4.966400146484375,4.912300109863281,4.951900005340576,0.0
2024-02-02,4.914999961853027,4.973599910736084,4.900782108306885,4.914999961853027,0.0
2024-02-05,4.932938098907471,5.014699935913086,4.932938098907471,4.932938098907471,0.0
2024-02-06,4.9499430656433105,4.987599849700928,4.948492050170898,4.9499430656433105,0.0
2024-02-07,4.962299823760986,4.9664998054504395,4.9511260986328125,4.962299823760986,0.0
2024-02-08,4.969299793243408,4.998600006103516,4.933596134185791,4.969299793243408,0.0
2024-02-09,4.9918999671936035,4.992400169372559,4.958652973175049,4.9918999671936035,0.0
2024-02-12,4.953100204467773,4.960196018218994,4.949825763702393,4.953100204467773,0.0
2024-02-13,4.952199935913086,4.95359992980957,4.948546886444092,4.952199935913086,0.0
2024-02-14,4.952000141143799,4.967299938201904,4.949862003326416,4.952000141143799,0.0
2024-02-15,4.968299865722656,4.980599880218506,4.944879055023193,4.968299865722656,0.0
2024-02-16,4.972400188446045,4.986299991607666,4.933578968048096,4.972400188446045,0.0
2024-02-19,4.965099811553955,4.967700004577637,4.952499866485596,4.965099811553955,0.0
2024-02-20,4.956399917602539,4.962800025939941,4.927199840545654,4.956399917602539,0.0
2024-02-21,4.926400184631348,4.934299945831299,4.916169166564941,4.926400184631348,0.0
2024-02-22,4.934899806976318,4.948299884796143,4.892254829406738,4.934899806976318,0.0
2024-02-23,4.962399959564209,4.995800018310547,4.924681186676025,4.962399959564209,0.0
2024-02-26,4.993500232696533,4.994500160217285,4.96999979019165,4.993500232696533,0.0
2024-02-27,4.978899955749512,4.9791998863220215,4.934199810028076,4.978899955749512,0.0
2024-02-28,4.932400226593018,4.961999893188477,4.910208225250244,4.932400226593018,0.0
2024-02-29,4.967299938201904,4.9959001541137695,4.963100910186768,4.967299938201904,0.0
2024-03-01,4.969799995422363,4.972300052642822,4.943617820739746,4.969799995422363,0.0
2024-03-04,4.952700138092041,4.956200122833252,4.937399864196777,4.952700138092041,0.0
2024-03-05,4.944900035858154,4.958799839019775,4.934308052062988,4.944900035858154,0.0
2024-03-06,4.957099914550781,4.95959997177124,4.927864074707031,4.957099914550781,0.0
2024-03-07,4.943600177764893,4.9440999031066895,4.925650119781494,4.943600177764893,0.0
2024-03-08,4.933800220489502,4.989500045776367,4.897881031036377,4.933800220489502,0.0
2024-03-11,4.977540016174316,4.997499942779541,4.959799766540527,4.977540016174316,0.0
2024-03-12,4.977399826049805,4.9918999671936035,4.958000183105469,4.977399826049805,0.0
2024-03-13,4.968699932098389,4.985799789428711,4.948556900024414,4.968699932098389,0.0
2024-03-14,4.969200134277344,4.980599880218506,4.9520649909973145,4.969200134277344,0.0
2024-03-15,4.992700099945068,4.999599933624268,4.978212833404541,4.992700099945068,0.0
2024-03-18,4.968047142028809,5.029699802398682,4.968047142028809,4.968047142028809,0.0
2024-03-19,5.029399871826172,5.050539970397949,4.98856782913208,5.029399871826172,0.0
2024-03-20,5.03000020980835,5.031099796295166,5.001335144042969,5.03000020980835,0.0
2024-03-21,4.96619987487793,4.983799934387207,4.949999809265137,4.96619987487793,0.0
2024-03-22,4.9745001792907715,5.005000114440918,4.967328071594238,4.9745001792907715,0.0
2024-03-25,5.000899791717529,5.0030999183654785,4.974599838256836,5.000899791717529,0.0
2024-03-26,4.9721999168396,4.991399765014648,4.965947151184082,4.9721999168396,0.0
2024-03-27,4.9756999015808105,4.991799831390381,4.965919017791748,4.9756999015808105,0.0
2024-03-28,4.990300178527832,5.0040998458862305,4.954847812652588,4.990300178527832,0.0
2024-03-29,5.014100074768066,5.014400005340576,4.9738078117370605,5.014100074768066,0.0
2024-04-01,5.013199806213379,5.065700054168701,5.007999897003174,5.013199806213379,0.0
2024-04-02,5.053599834442139,5.057400226593018,5.018799781799316,5.053599834442139,0.0
2024-04-03,5.0644001960754395,5.089900016784668,5.020987033843994,5.0644001960754395,0.0
2024-04-04,5.038599967956543,5.045100212097168,5.004000186920166,5.038599967956543,0.0
2024-04-05,5.057400226593018,5.064499855041504,5.022597789764404,5.057400226593018,0.0
2024-04-08,5.054900169372559,5.072199821472168,5.027482986450195,5.054900169372559,0.0
2024-04-09,5.023900032043457,5.0295000076293945,4.999000072479248,5.023900032043457,0.0
2024-04-10,5.007599830627441,5.079400062561035,5.005246162414551,5.007599830627441,0.0
2024-04-11,5.066199779510498,5.089000225067139,5.059500217437744,5.066199779510498,0.0
2024-04-12,5.090400218963623,5.1458001136779785,5.085300922393799,5.090400218963623,0.0
2024-04-15,5.117099761962891,5.1859002113342285,5.064342975616455,5.117099761962891,0.0
2024-04-16,5.183700084686279,5.284999847412109,5.181008815765381,5.183700084686279,0.0
2024-04-17,5.2855000495910645,5.285799980163574,5.2256999015808105,5.2855000495910645,0.0
2024-04-18,5.232600212097168,5.270100116729736,5.225800037384033,5.232600212097168,0.0
2024-04-19,5.241700172424316,5.270308971405029,5.201200008392334,5.241700172424316,0.0
2024-04-22,5.206200122833252,5.215199947357178,5.1869001388549805,5.206200122833252,0.0
2024-04-23,5.1656999588012695,5.186299800872803,5.136815071105957,5.1656999588012695,0.0
2024-04-24,5.130499839782715,5.16949987411499,5.116742134094238,5.130499839782715,0.0
2024-04-25,5.145500183105469,5.191699981689453,5.101602077484131,5.145500183105469,0.0
2024-04-26,5.158599853515625,5.161575794219971,5.112100124359131,5.158599853515625,0.0
2024-04-29,5.115499973297119,5.142541885375977,5.098400115966797,5.115499973297119,0.0
2024-04-30,5.117000102996826,5.18310022354126,5.10860013961792,5.117000102996826,0.0
2024-05-01,5.193900108337402,5.1946001052856445,5.191800117492676,5.193900108337402,0.0
2024-05-02,5.194399833679199,5.194499969482422,5.101900100708008,5.194399833679199,0.0
2024-05-03,5.110300064086914,5.113100051879883,5.0432000160217285,5.110300064086914,0.0
2024-05-06,5.070899963378906,5.089200019836426,5.063600063323975,5.070899963378906,0.0
2024-05-07,5.074900150299072,5.081500053405762,5.047162055969238,5.074900150299072,0.0
2024-05-08,5.073299884796143,5.106200218200684,5.062942981719971,5.073299884796143,0.0
2024-05-09,5.087900161743164,5.173699855804443,5.054315090179443,5.087900161743164,0.0
2024-05-10,5.1407999992370605,5.155600070953369,5.115245819091797,5.1407999992370605,0.0
2024-05-13,5.123260021209717,5.162600040435791,5.120834827423096,5.123260021209717,0.0
2024-05-14,5.154200077056885,5.156000137329102,5.123293876647949,5.154200077056885,0.0
2024-05-15,5.127799987792969,5.1616997718811035,5.120699882507324,5.127799987792969,0.0
2024-05-16,5.133600234985352,5.138500213623047,5.104300022125244,5.133600234985352,0.0
2024-05-17,5.128600120544434,5.135000228881836,5.104599952697754,5.128600120544434,0.0
2024-05-20,5.1020002365112305,5.126999855041504,5.079078197479248,5.1020002365112305,0.0
2024-05-21,5.103099822998047,5.111599922180176,5.081479072570801,5.103099822998047,0.0
2024-05-22,5.1219000816345215,5.161300182342529,5.084202766418457,5.1219000816345215,0.0
2024-05-23,5.151100158691406,5.155600070953369,5.1054911613464355,5.151100158691406,0.0
2024-05-24,5.143099784851074,5.154600143432617,5.128900051116943,5.143099784851074,0.0
2024-05-27,5.1697998046875,5.182300090789795,5.115684986114502,5.1697998046875,0.0
2024-05-28,5.1717000007629395,5.172500133514404,5.133562088012695,5.1717000007629395,0.0
2024-05-29,5.161300182342529,5.204999923706055,5.156814098358154,5.161300182342529,0.0
2024-05-30,5.202099800109863,5.211900234222412,5.1623687744140625,5.202099800109863,0.0
2024-05-31,5.202099800109863,5.255300045013428,5.172957897186279,5.202099800109863,0.0
2024-06-03,5.2444000244140625,5.264500141143799,5.218407154083252,5.2444000244140625,0.0
2024-06-04,5.249000072479248,5.287300109863281,5.243720054626465,5.249000072479248,0.0
2024-06-05,5.287700176239014,5.299900054931641,5.257583141326904,5.287700176239014,0.0
2024-06-06,5.3003997802734375,5.3053998947143555,5.250999927520752,5.3003997802734375,0.0
2024-06-07,5.2571001052856445,5.292200088500977,5.243299961090088,5.2571001052856445,0.0
2024-06-10,5.270441055297852,5.384099960327148,5.270441055297852,5.270441055297852,0.0
2024-06-11,5.352799892425537,5.364299774169922,5.317385196685791,5.352799892425537,0.0
2024-06-12,5.3649001121521,5.424200057983398,5.334041118621826,5.3649001121521,0.0
2024-06-13,5.401000022888184,5.414599895477295,5.363160133361816,5.401000022888184,0.0
2024-06-14,5.361599922180176,5.375999927520752,5.343299865722656,5.361599922180176,0.0
2024-06-17,5.3572001457214355,5.424799919128418,5.327279090881348,5.3572001457214355,0.0
2024-06-18,5.423999786376953,5.437899112701416,5.392000198364258,5.423999786376953,0.0
2024-06-19,5.439899921417236,5.46999979019165,5.428699970245361,5.439899921417236,0.0
2024-06-20,5.422399997711182,5.451900005340576,5.385897159576416,5.422399997711182,0.0
2024-06-21,5.452400207519531,5.459099769592285,5.411539077758789,5.452400207519531,0.0
2024-06-24,5.426126003265381,5.433700084686279,5.375999927520752,5.426126003265381,0.0
2024-06-25,5.3892998695373535,5.444499969482422,5.386000156402588,5.3892998695373535,0.0
2024-06-26,5.450699806213379,5.518599987030029,5.445799827575684,5.450699806213379,0.0
2024-06-27,5.522500038146973,5.535999774932861,5.482964992523193,5.522500038146973,0.0
2024-06-28,5.500500202178955,5.580900192260742,5.482699871063232,5.500500202178955,0.0
2024-07-01,5.591899871826172,5.600200176239014,5.566800117492676,5.591899871826172,0.0
2024-07-02,5.65500020980835,5.683899879455566,5.627941131591797,5.65500020980835,0.0
2024-07-03,5.67549991607666,5.675899982452393,5.5655999183654785,5.67549991607666,0.0
2024-07-04,5.5553998947143555,5.559500217437744,5.46419620513916,5.5553998947143555,0.0
2024-07-05,5.486400127410889,5.530900001525879,5.470699787139893,5.486400127410889,0.0
2024-07-08,5.471290111541748,5.492499828338623,5.452383995056152,5.471290111541748,0.0
2024-07-09,5.470399856567383,5.4741997718811035,5.431099891662598,5.470399856567383,0.0
2024-07-10,5.417099952697754,5.420899868011475,5.372700214385986,5.417099952697754,0.0
2024-07-11,5.414700031280518,5.43179988861084,5.3680620193481445,5.414700031280518,0.0
2024-07-12,5.438000202178955,5.463399887084961,5.415200233459473,5.438000202178955,0.0
2024-07-15,5.422800064086914,5.474299907684326,5.401463985443115,5.422800064086914,0.0
2024-07-16,5.446800231933594,5.456699848175049,5.405600070953369,5.446800231933594,0.0
2024-07-17,5.424300193786621,5.477399826049805,5.4213762283325195,5.424300193786621,0.0
2024-07-18,5.48769998550415,5.548600196838379,5.478568077087402,5.48769998550415,0.0
2024-07-19,5.5432000160217285,5.570000171661377,5.521999835968018,5.5432000160217285,0.0
2024-07-22,5.520872116088867,5.619172096252441,5.518971920013428,5.520872116088867,0.0
2024-07-23,5.570700168609619,5.604300022125244,5.559500217437744,5.570700168609619,0.0
2024-07-24,5.585299968719482,5.64769983291626,5.5554890632629395,5.585299968719482,0.0
2024-07-25,5.653600215911865,5.684309959411621,5.624100208282471,5.653600215911865,0.0
2024-07-26,5.643099784851074,5.661200046539307,5.61329984664917,5.643099784851074,0.0
2024-07-29,5.622840881347656,5.666600227355957,5.629231929779053,5.622840881347656,0.0
2024-07-30,5.614500045776367,5.660399913787842,5.611489772796631,5.614500045776367,0.0
2024-07-31,5.611100196838379,5.679299831390381,5.600062847137451,5.611100196838379,0.0
2024-08-01,5.656599998474121,5.694200038909912,5.630640983581543,5.656599998474121,0.0
2024-08-02,5.7505998611450195,5.789299964904785,5.704999923706055,5.7505998611450195,0.0
2024-08-05,5.7266998291015625,5.82420015335083,5.679699897766113,5.7266998291015625,0.0
2024-08-06,5.720900058746338,5.723199844360352,5.634300231933594,5.720900058746338,0.0
2024-08-07,5.6554999351501465,5.656000137329102,5.593900203704834,5.6554999351501465,0.0
2024-08-08,5.635799884796143,5.651500225067139,5.597799777984619,5.635799884796143,0.0
2024-08-09,5.54610013961792,5.548500061035156,5.4918999671936035,5.54610013961792,0.0
2024-08-12,5.50629997253418,5.520899772644043,5.47130012512207,5.50629997253418,0.0
2024-08-13,5.4918999671936035,5.5005998611450195,5.468599796295166,5.4918999671936035,0.0
2024-08-14,5.455699920654297,5.462399959564209,5.4274001121521,5.455699920654297,0.0
2024-08-15,5.468900203704834,5.483399868011475,5.439914226531982,5.468900203704834,0.0
2024-08-16,5.484899997711182,5.486499786376953,5.434700012207031,5.484899997711182,0.0
2024-08-19,5.47130012512207,5.4721999168396,5.401500225067139,5.47130012512207,0.0
2024-08-20,5.405600070953369,5.473400115966797,5.4018378257751465,5.405600070953369,0.0
2024-08-21,5.478099822998047,5.483799934387207,5.458799839019775,5.478099822998047,0.0
2024-08-22,5.482500076293945,5.5706000328063965,5.4458770751953125,5.482500076293945,0.0
2024-08-23,5.59089994430542,5.601099967956543,5.487964153289795,5.59089994430542,0.0
2024-08-26,5.485400199890137,5.508699893951416,5.47189998626709,5.485400199890137,0.0
2024-08-27,5.495699882507324,5.516300201416016,5.4695000648498535,5.495699882507324,0.0
2024-08-28,5.507900238037109,5.541999816894531,5.46820592880249,5.507900238037109,0.0
2024-08-29,5.56220006942749,5.659900188446045,5.559000015258789,5.56220006942749,0.0
2024-08-30,5.627699851989746,5.690499782562256,5.5731000900268555,5.627699851989746,0.0
2024-09-02,5.6092000007629395,5.656700134277344,5.589797019958496,5.6092000007629395,0.0
2024-09-03,5.615099906921387,5.649700164794922,5.5756001472473145,5.615099906921387,0.0
2024-09-04,5.647500038146973,5.658699989318848,5.6127729415893555,5.647500038146973,0.0
2024-09-05,5.642000198364258,5.642899990081787,5.5904998779296875,5.642000198364258,0.0
2024-09-06,5.567500114440918,5.5960001945495605,5.531700134277344,5.567500114440918,0.0
2024-09-09,5.59660005569458,5.638299942016602,5.581200122833252,5.59660005569458,0.0
2024-09-10,5.5843000411987305,5.647299766540527,5.564899921417236,5.5843000411987305,0.0
2024-09-11,5.662899971008301,5.6717000007629395,5.605599880218506,5.662899971008301,0.0
2024-09-12,5.667399883270264,5.683800220489502,5.632299900054932,5.667399883270264,0.0
2024-09-13,5.625699996948242,5.626200199127197,5.544649124145508,5.625699996948242,0.0
2024-09-16,5.612370014190674,5.6124701499938965,5.4989848136901855,5.612370014190674,0.0
2024-09-17,5.503900051116943,5.544493198394775,5.486599922180176,5.503900051116943,0.0
2024-09-18,5.4816999435424805,5.493599891662598,5.453434944152832,5.4816999435424805,0.0
2024-09-19,5.460999965667725,5.463900089263916,5.394178867340088,5.460999965667725,0.0
2024-09-20,5.423900127410889,5.4969000816345215,5.418000221252441,5.423900127410889,0.0
2024-09-23,5.513599872589111,5.594799995422363,5.405317783355713,5.513599872589111,0.0
2024-09-24,5.536099910736084,5.537799835205078,5.445899963378906,5.536099910736084,0.0
2024-09-25,5.449699878692627,5.4953999519348145,5.44320011138916,5.449699878692627,0.0
2024-09-26,5.473800182342529,5.475900173187256,5.406300067901611,5.473800182342529,0.0
2024-09-27,5.436699867248535,5.454999923706055,5.422800064086914,5.436699867248535,0.0
2024-09-30,5.433199882507324,5.470099925994873,5.403800010681152,5.433199882507324,0.0
2024-10-01,5.448500156402588,5.474400043487549,5.4293999671936035,5.448500156402588,0.0
2024-10-02,5.423999786376953,5.457499980926514,5.404969215393066,5.423999786376953,0.0
2024-10-03,5.440299987792969,5.508200168609619,5.416351795196533,5.440299987792969,0.0
2024-10-04,5.47629976272583,5.515399932861328,5.451600074768066,5.47629976272583,0.0
2024-10-07,5.4542999267578125,5.488800048828125,5.420000076293945,5.4542999267578125,0.0
2024-10-08,5.494200229644775,5.531099796295166,5.493621826171875,5.494200229644775,0.0
2024-10-09,5.5346999168396,5.587299823760986,5.530517101287842,5.5346999168396,0.0
2024-10-10,5.596099853515625,5.601799964904785,5.563045978546143,5.596099853515625,0.0
2024-10-11,5.581699848175049,5.651700019836426,5.558899879455566,5.581699848175049,0.0
2024-10-14,5.610599994659424,5.649400234222412,5.579599857330322,5.610599994659424,0.0
2024-10-15,5.594699859619141,5.653299808502197,5.581200122833252,5.594699859619141,0.0
2024-10-16,5.6519999504089355,5.6946001052856445,5.62905216217041,5.6519999504089355,0.0
2024-10-17,5.668000221252441,5.685400009155273,5.655700206756592,5.668000221252441,0.0
2024-10-18,5.651800155639648,5.684199810028076,5.630475997924805,5.651800155639648,0.0
2024-10-21,5.635900020599365,5.7322998046875,5.635900020599365,5.635900020599365,0.0
2024-10-22,5.6880998611450195,5.712900161743164,5.671395778656006,5.6880998611450195,0.0
2024-10-23,5.689300060272217,5.728499889373779,5.683625221252441,5.689300060272217,0.0
2024-10-24,5.686500072479248,5.717400074005127,5.671500205993652,5.686500072479248,0.0
2024-10-25,5.664000034332275,5.7027997970581055,5.662601947784424,5.664000034332275,0.0
2024-10-28,5.685812950134277,5.71619987487793,5.683734893798828,5.685812950134277,0.0
2024-10-29,5.71019983291626,5.731200218200684,5.685297966003418,5.71019983291626,0.0
2024-10-30,5.760000228881836,5.78849983215332,5.672740936279297,5.760000228881836,0.0
2024-10-31,5.76230001449585,5.790200233459473,5.753357887268066,5.76230001449585,0.0
2024-11-01,5.789400100708008,5.8317999839782715,5.760530948638916,5.789400100708008,0.0
2024-11-04,5.677525997161865,5.868199825286865,5.667759895324707,5.677525997161865,0.0
2024-11-05,5.790599822998047,5.803100109100342,5.7633137702941895,5.790599822998047,0.0
2024-11-06,5.699999809265137,5.708000183105469,5.690000057220459,5.739799976348877,0.0
2024-11-07,5.674799919128418,5.708499908447266,5.629347801208496,5.674799919128418,0.0
2024-11-08,5.690999984741211,5.7891998291015625,5.683643817901611,5.690999984741211,0.0
2024-11-11,5.736400127410889,5.815400123596191,5.729548931121826,5.736400127410889,0.0
2024-11-12,5.75540018081665,5.788059234619141,5.745077133178711,5.75540018081665,0.0
2024-11-13,5.748199939727783,5.813799858093262,5.723999977111816,5.748199939727783,0.0
2024-11-14,5.8059000968933105,5.85472297668457,5.760962009429932,5.8059000968933105,0.0
2024-11-15,5.788300037384033,5.822328090667725,5.780794143676758,5.788300037384033,0.0
2024-11-18,5.794600009918213,5.838951110839844,5.735413074493408,5.794600009918213,0.0
2024-11-19,5.746399879455566,5.799615859985352,5.7382049560546875,5.746399879455566,0.0
2024-11-20,5.7718000411987305,5.789599895477295,5.763187885284424,5.7718000411987305,0.0
2024-11-21,5.770699977874756,5.830699920654297,5.764577865600586,5.770699977874756,0.0
2024-11-22,5.8140997886657715,5.8302001953125,5.7848358154296875,5.8140997886657715,0.0
2024-11-25,5.799300193786621,5.8458709716796875,5.773111820220947,5.799300193786621,0.0
2024-11-26,5.7972002029418945,5.821300029754639,5.781801223754883,5.7972002029418945,0.0
2024-11-27,5.809599876403809,5.885913848876953,5.803157806396484,5.809599876403809,0.0
2024-11-28,5.937399864196777,6.000800132751465,5.928606033325195,5.937399864196777,0.0
2024-11-29,6.013899803161621,6.105800151824951,5.957300186157227,6.013899803161621,0.0
2024-12-02,5.965671062469482,6.087800025939941,5.965315818786621,5.973199844360352,0.0
2024-12-03,6.05679988861084,6.093100070953369,6.028343200683594,6.05679988861084,0.0
2024-12-04,6.043099880218506,6.071800231933594,6.025000095367432,6.043099880218506,0.0
2024-12-05,6.03879976272583,6.060200214385986,5.955875873565674,6.03879976272583,0.0
2024-12-06,6.010300159454346,6.075399875640869,5.98330020904541,6.010300159454346,0.0
2024-12-09,6.0883002281188965,6.146999835968018,6.032071113586426,6.0883002281188965,0.0
2024-12-10,6.076600074768066,6.110400199890137,6.014418125152588,6.076600074768066,0.0
2024-12-11,6.045300006866455,6.070400238037109,6.000226020812988,6.045300006866455,0.0
2024-12-12,5.952700138092041,6.016900062561035,5.8627400398254395,5.952700138092041,0.0
2024-12-13,5.996099948883057,6.070300102233887,5.982399940490723,5.996099948883057,0.0
2024-12-16,6.040900230407715,6.0954999923706055,6.023858070373535,6.040900230407715,0.0
2024-12-17,6.147299766540527,6.204500198364258,6.097527027130127,6.147299766540527,0.0
2024-12-18,6.1031999588012695,6.19350004196167,6.094419956207275,6.1031999588012695,0.0
2024-12-19,6.288899898529053,6.319300174713135,6.113369941711426,6.288899898529053,0.0
2024-12-20,6.151599884033203,6.1768999099731445,6.050407886505127,6.151599884033203,0.0
2024-12-23,6.084199905395508,6.1809000968933105,6.068655967712402,6.084199905395508,0.0
2024-12-24,6.193900108337402,6.2144999504089355,6.181506156921387,6.193900108337402,0.0
2024-12-25,6.175600051879883,6.411099910736084,6.168654918670654,6.175600051879883,0.0
2024-12-26,6.174200057983398,6.197700023651123,6.147799968719482,6.182799816131592,0.0
2024-12-27,6.148499965667725,6.209499835968018,6.166165828704834,6.148499965667725,0.0
2024-12-30,6.193699836730957,6.254000186920166,6.148662090301514,6.193699836730957,0.0
2024-12-31,6.1778998374938965,6.206999778747559,6.169532775878906,6.1778998374938965,0.0
2025-01-01,,,,,
2025-01-02,6.297999858856201,6.35890007019043,6.148056983947754,6.300000190734863,0.0
2025-01-03,6.151000022888184,6.200799942016602,6.135200023651123,6.151000022888184,0.0
2025-01-06,6.180699825286865,6.253499984741211,6.093900203704834,6.180699825286865,0.0
2025-01-07,6.115499973297119,6.146299839019775,6.053193092346191,6.115499973297119,0.0
2025-01-08,6.100900173187256,6.153200149536133,6.088611125946045,6.100900173187256,0.0
2025-01-09,6.105800151824951,6.158999919891357,6.054800033569336,6.105800151824951,0.0
2025-01-10,6.034599781036377,6.118000030517578,6.0261359214782715,6.034599781036377,0.0
2025-01-13,6.105899810791016,6.207900047302246,6.078800201416016,6.105899810791016,0.0
2025-01-14,6.093400001525879,6.137599945068359,6.042901039123535,6.093400001525879,0.0
2025-01-15,6.054800033569336,6.109399795532227,6.004157066345215,6.054800033569336,0.0
2025-01-16,6.012199878692627,6.048500061035156,5.9953999519348145,6.012199878692627,0.0
2025-01-17,6.049900054931641,6.088600158691406,6.0210371017456055,6.049900054931641,0.0
2025-01-20,6.066163063049316,6.107500076293945,6.025940895080566,6.066163063049316,0.0
2025-01-21,6.029799938201904,6.063799858093262,6.022017002105713,6.029799938201904,0.0
2025-01-22,6.020500183105469,6.057199954986572,5.910035133361816,6.020500183105469,0.0
2025-01-23,5.940299987792969,5.9741997718811035,5.8976359367370605,5.940299987792969,0.0
2025-01-24,5.923999786376953,5.977499961853027,5.8659892082214355,5.923999786376953,0.0
2025-01-27,5.90910005569458,5.998300075531006,5.901919841766357,5.90910005569458,0.0
2025-01-28,5.892600059509277,5.916999816894531,5.858099937438965,5.892600059509277,0.0
2025-01-29,5.856100082397461,5.886099815368652,5.837893009185791,5.856100082397461,0.0
2025-01-30,5.8566999435424805,5.931000232696533,5.847855091094971,5.8566999435424805,0.0
2025-01-31,5.874499797821045,5.91349983215332,5.8069748878479,5.874499797821045,0.0
2025-02-03,5.84060001373291,5.903200149536133,5.813692092895508,5.84060001373291,0.0
2025-02-04,5.80620002746582,5.875400066375732,5.751616954803467,5.80620002746582,0.0
2025-02-05,5.7571001052856445,5.816199779510498,5.747003078460693,5.7571001052856445,0.0
2025-02-06,5.8028998374938965,5.822700023651123,5.764699935913086,5.8028998374938965,0.0
2025-02-07,5.760499954223633,5.790900230407715,5.733368873596191,5.760499954223633,0.0
2025-02-10,5.803199768066406,5.860400199890137,5.760311126708984,5.803199768066406,0.0
2025-02-11,5.786900043487549,5.8155999183654785,5.751978874206543,5.786900043487549,0.0
2025-02-12,5.764500141143799,5.783400058746338,5.7519001960754395,5.764500141143799,0.0
2025-02-13,5.764400005340576,5.7982001304626465,5.753030776977539,5.764400005340576,0.0
2025-02-14,5.766900062561035,5.798399925231934,5.706999778747559,5.766900062561035,0.0
2025-02-17,5.701200008392334,5.729000091552734,5.69350004196167,5.701200008392334,0.0
2025-02-18,5.712100028991699,5.725800037384033,5.674600124359131,5.712100028991699,0.0
2025-02-19,5.688600063323975,5.7307000160217285,5.681304931640625,5.688600063323975,0.0
2025-02-20,5.720300197601318,5.741499900817871,5.683701038360596,5.720300197601318,0.0
2025-02-21,5.701300144195557,5.731200218200684,5.689157962799072,5.701300144195557,0.0
2025-02-24,5.730999946594238,5.755099773406982,5.701549053192139,5.730999946594238,0.0
2025-02-25,5.7778000831604,5.833000183105469,5.756045818328857,5.7778000831604,0.0
2025-02-26,5.740300178527832,5.801700115203857,5.731488227844238,5.740300178527832,0.0
2025-02-27,5.801700115203857,5.835599899291992,5.791068077087402,5.801700115203857,0.0
2025-02-28,5.839000225067139,5.891600131988525,5.8225998878479,5.839000225067139,0.0
2025-03-03,5.88040018081665,5.970300197601318,5.8731889724731445,5.88040018081665,0.0
2025-03-04,6.020500183105469,6.178199768066406,6.013514995574951,6.020500183105469,0.0
2025-03-05,5.884349822998047,5.885900020599365,5.790494918823242,5.885700225830078,0.0
2025-03-06,5.740099906921387,5.812099933624268,5.729024887084961,5.740099906921387,0.0
2025-03-07,5.763000011444092,5.790299892425537,5.7484002113342285,5.763000011444092,0.0
2025-03-10,5.782899856567383,5.869500160217285,5.770593166351318,5.782899856567383,0.0
2025-03-11,5.85290002822876,5.918600082397461,5.817200183868408,5.85290002822876,0.0
2025-03-12,5.808599948883057,5.844299793243408,5.800820827484131,5.808599948883057,0.0
2025-03-13,5.797800064086914,5.834799766540527,5.7891011238098145,5.797800064086914,0.0
2025-03-14,5.798500061035156,5.903200149536133,5.717924118041992,5.798500061035156,0.0
2025-03-17,5.740600109100342,5.806399822235107,5.679926872253418,5.740600109100342,0.0
2025-03-18,5.678069114685059,5.712900161743164,5.669400215148926,5.678069114685059,0.0
2025-03-19,5.672100067138672,5.725800037384033,5.648600101470947,5.672100067138672,0.0
2025-03-20,5.648099899291992,5.690100193023682,5.640410900115967,5.648099899291992,0.0
2025-03-21,5.673900127410889,5.7322998046875,5.666698932647705,5.673900127410889,0.0
2025-03-24,5.729599952697754,5.770599842071533,5.700153827667236,5.729599952697754,0.0
2025-03-25,5.760799884796143,5.793499946594238,5.673147201538086,5.760799884796143,0.0
2025-03-26,5.698400020599365,5.741000175476074,5.691009998321533,5.698400020599365,0.0
2025-03-27,5.733500003814697,5.769000053405762,5.7221999168396,5.733500003814697,0.0
2025-03-28,5.739299774169922,5.780099868774414,5.732447147369385,5.739299774169922,0.0
2025-03-31,5.7581000328063965,5.811500072479248,5.723267078399658,5.7581000328063965,0.0
2025-04-01,5.698400020599365,5.7484002113342285,5.68149995803833,5.698400020599365,0.0
2025-04-02,5.681300163269043,5.711999893188477,5.658329010009766,5.681300163269043,0.0
2025-04-03,5.663700103759766,5.747600078582764,5.586723804473877,5.663700103759766,0.0
2025-04-04,5.6305999755859375,5.8221001625061035,5.619939804077148,5.6305999755859375,0.0
2025-04-07,5.840030193328857,5.92549991607666,5.799403190612793,5.840030193328857,0.0
2025-04-08,5.913599967956543,5.992599964141846,5.861499786376953,5.913599967956543,0.0
2025-04-09,6.013299942016602,6.118199825286865,6.002468109130859,6.013299942016602,0.0
2025-04-10,5.8180999755859375,5.950300216674805,5.809665203094482,5.8180999755859375,0.0
2025-04-11,5.884300231933594,5.915500164031982,5.8152008056640625,5.884300231933594,0.0
2025-04-14,5.864200115203857,5.9197998046875,5.824900150299072,5.864200115203857,0.0
2025-04-15,5.8541998863220215,5.894700050354004,5.828458786010742,5.8541998863220215,0.0
2025-04-16,5.8846001625061035,5.973199844360352,5.851442813873291,5.8846001625061035,0.0
2025-04-17,5.8653998374938965,5.895999908447266,5.825616836547852,5.8653998374938965,0.0
2025-04-18,,,,,
2025-04-21,,,,,
2025-04-22,5.8069000244140625,5.807799816131592,5.73548698425293,5.80709981918335,0.0
2025-04-23,5.719900131225586,5.747099876403809,5.655546188354492,5.719900131225586,0.0
2025-04-24,5.703400135040283,5.752600193023682,5.662571907043457,5.703400135040283,0.0
2025-04-25,5.678699970245361,5.705599784851074,5.671331882476807,5.678699970245361,0.0
2025-04-28,5.684700012207031,5.734499931335449,5.646500110626221,5.684700012207031,0.0
2025-04-29,5.652900218963623,5.680799961090088,5.619999885559082,5.652900218963623,0.0
2025-04-30,5.619999885559082,5.674699783325195,5.600599765777588,5.619999885559082,0.0
2025-05-01,5.672900199890137,5.69890022277832,5.664124011993408,5.672900199890137,0.0
2025-05-02,5.67710018157959,5.751699924468994,5.6210432052612305,5.67710018157959,0.0
2025-05-05,5.666900157928467,5.7378997802734375,5.625594139099121,5.666900157928467,0.0
2025-05-06,5.686299800872803,5.735799789428711,5.67861795425415,5.686299800872803,0.0
2025-05-07,5.712800025939941,5.746099948883057,5.697299957275391,5.712800025939941,0.0
2025-05-08,5.74459981918335,5.763199806213379,5.660299777984619,5.74459981918335,0.0
2025-05-09,5.661600112915039,5.685100078582764,5.635700225830078,5.661600112915039,0.0
2025-05-12,5.648200035095215,5.752299785614014,5.640229225158691,5.648200035095215,0.0
2025-05-13,5.6697998046875,5.690499782562256,5.595713138580322,5.6697998046875,0.0
2025-05-14,5.60046911239624,5.63129997253418,5.575557231903076,5.60046911239624,0.0
2025-05-15,5.636499881744385,5.649899959564209,5.6100969314575195,5.636499881744385,0.0
2025-05-16,5.681300163269043,5.712100028991699,5.663793087005615,5.681300163269043,0.0
2025-05-19,5.6586737632751465,5.68779993057251,5.628256797790527,5.6586737632751465,0.0
2025-05-20,5.644499778747559,5.674900054931641,5.637075901031494,5.644499778747559,0.0
2025-05-21,5.667300224304199,5.697299957275391,5.643799781799316,5.667300224304199,0.0
2025-05-22,5.644700050354004,5.6778998374938965,5.609200954437256,5.644700050354004,0.0
2025-05-23,5.71619987487793,5.797599792480469,5.667311191558838,5.71619987487793,0.0
2025-05-26,5.645199775695801,5.6768999099731445,5.635799884796143,5.645199775695801,0.0
2025-05-27,5.666600227355957,5.686800003051758,5.638000965118408,5.666600227355957,0.0
2025-05-28,5.637400150299072,5.711100101470947,5.63018798828125,5.637400150299072,0.0
2025-05-29,5.688700199127197,5.701000213623047,5.6381988525390625,5.688700199127197,0.0
2025-05-30,5.66510009765625,5.737400054931641,5.648099899291992,5.66510009765625,0.0
2025-06-02,5.720799922943115,5.788099765777588,5.6651411056518555,5.720799922943115,0.0
2025-06-03,5.672399997711182,5.71019983291626,5.640699863433838,5.672399997711182,0.0
2025-06-04,5.637800216674805,5.658299922943115,5.605650901794434,5.637800216674805,0.0
2025-06-05,5.6321001052856445,5.643499851226807,5.584621906280518,5.6321001052856445,0.0
2025-06-06,5.58459997177124,5.616300106048584,5.568624019622803,5.58459997177124,0.0
2025-06-09,5.561999797821045,5.59630012512207,5.552499771118164,5.562699794769287,0.0
2025-06-10,5.558000087738037,5.568600177764893,5.537399768829346,5.557000160217285,0.0
2025-06-11,5.573800086975098,5.579100131988525,5.519254207611084,5.5721001625061035,0.0
2025-06-12,5.535799980163574,5.555600166320801,5.523961067199707,5.535799980163574,0.0
2025-06-13,5.537300109863281,5.592299938201904,5.528861999511719,5.537300109863281,0.0
2025-06-16,5.538899898529053,5.585299968719482,5.494075775146484,5.538899898529053,0.0
2025-06-17,5.490799903869629,5.50439977645874,5.464706897735596,5.490799903869629,0.0
2025-06-18,5.493000030517578,5.514599800109863,5.475200176239014,5.493000030517578,0.0
2025-06-19,5.485199928283691,5.492800235748291,5.477883815765381,5.485199928283691,0.0
2025-06-20,5.489999771118164,5.5121002197265625,5.470300197601318,5.489999771118164,0.0
2025-06-23,5.518400192260742,5.563799858093262,5.495699882507324,5.518400192260742,0.0
2025-06-24,5.493800163269043,5.5106000900268555,5.474599838256836,5.493800163269043,0.0
2025-06-25,5.510300159454346,5.573500156402588,5.502148151397705,5.510300159454346,0.0
2025-06-26,5.5578999519348145,5.560400009155273,5.4963178634643555,5.5578999519348145,0.0
2025-06-27,5.477099895477295,5.502399921417236,5.456027984619141,5.477099895477295,0.0
2025-06-30,5.478400230407715,5.5071001052856445,5.423159122467041,5.478400230407715,0.0
2025-07-01,5.430200099945068,5.467599868774414,5.419099807739258,5.430200099945068,0.0
2025-07-02,5.458799839019775,5.487400054931641,5.426400184631348,5.458799839019775,0.0
2025-07-03,5.426400184631348,5.444900035858154,5.402748107910156,5.426400184631348,0.0
2025-07-04,5.409299850463867,5.422800064086914,5.396678924560547,5.409299850463867,0.0
2025-07-07,5.419400215148926,5.468100070953369,5.412332057952881,5.419400215148926,0.0
2025-07-08,5.48769998550415,5.489999771118164,5.444279193878174,5.48769998550415,0.0
2025-07-09,5.446100234985352,5.4745001792907715,5.43926477432251,5.446100234985352,0.0
2025-07-10,5.5817999839782715,5.617400169372559,5.52370023727417,5.5817999839782715,0.0
2025-07-11,5.531099796295166,5.589399814605713,5.522718906402588,5.531099796295166,0.0
2025-07-14,5.571899890899658,5.584199905395508,5.536747932434082,5.571899890899658,0.0
2025-07-15,5.586999893188477,5.598800182342529,5.53439998626709,5.586999893188477,0.0
2025-07-16,5.5510029792785645,5.593400001525879,5.5477471351623535,5.5510029792785645,0.0
2025-07-17,5.5665998458862305,5.608500003814697,5.5533318519592285,5.5665998458862305,0.0
2025-07-18,5.546599864959717,5.5630998611450195,5.5201311111450195,5.546599864959717,0.0
2025-07-21,5.578100204467773,5.604400157928467,5.5433478355407715,5.578100204467773,0.0
2025-07-22,5.565499782562256,5.5879998207092285,5.547245979309082,5.565499782562256,0.0
2025-07-23,5.563899993896484,5.575200080871582,5.536799907684326,5.563899993896484,0.0
2025-07-24,5.51639986038208,5.536600112915039,5.507596015930176,5.51639986038208,0.0
2025-07-25,5.519999980926514,5.570799827575684,5.512077808380127,5.519999980926514,0.0
2025-07-28,5.565199851989746,5.604899883270264,5.551146984100342,5.565199851989746,0.0
2025-07-29,5.5868000984191895,5.606599807739258,5.566338062286377,5.5868000984191895,0.0
2025-07-30,5.573200225830078,5.621699810028076,5.565561771392822,5.573200225830078,0.0
2025-07-31,5.575399875640869,5.621399879455566,5.541489124298096,5.575399875640869,0.0
2025-08-01,5.598800182342529,5.625899791717529,5.5245561599731445,5.598800182342529,0.0
2025-08-04,5.537899971008301,5.610799789428711,5.494200229644775,5.537899971008301,0.0
2025-08-05,5.496099948883057,5.533699989318848,5.488383769989014,5.496099948883057,0.0
2025-08-06,5.502999782562256,5.506999969482422,5.458799839019775,5.502999782562256,0.0
2025-08-07,5.458899974822998,5.47599983215332,5.449699878692627,5.458899974822998,0.0
2025-08-08,5.414299964904785,5.439799785614014,5.407104969024658,5.414299964904785,0.0
2025-08-11,5.432300090789795,5.457499980926514,5.42381477355957,5.432300090789795,0.0
2025-08-12,5.442299842834473,5.443699836730957,5.387409210205078,5.442299842834473,0.0
2025-08-13,5.401199817657471,5.415900230407715,5.380733013153076,5.401199817657471,0.0
2025-08-14,5.391200065612793,5.421999931335449,5.386341094970703,5.391200065612793,0.0
2025-08-15,5.40910005569458,5.413700103759766,5.382387161254883,5.40910005569458,0.0
2025-08-18,5.400400161743164,5.439000129699707,5.3925042152404785,5.400400161743164,0.0
2025-08-19,5.435699939727783,5.486599922180176,5.428964138031006,5.435699939727783,0.0
2025-08-20,5.497600078582764,5.511199951171875,5.463146209716797,5.497600078582764,0.0
2025-08-21,5.469161033630371,5.49370002746582,5.4653000831604,5.469161033630371,0.0
2025-08-22,5.464799880981445,5.477499961853027,5.405428886413574,5.464799880981445,0.0
2025-08-25,5.42140007019043,5.448599815368652,5.398900985717773,5.421299934387207,0.0
2025-08-26,5.4096999168396,5.434999942779541,5.397968769073486,5.4096999168396,0.0
2025-08-27,5.43120002746582,5.4558000564575195,5.423451900482178,5.43120002746582,0.0
2025-08-28,5.417699813842773,5.438499927520752,5.398997783660889,5.417699813842773,0.0
2025-08-29,5.413000106811523,5.438799858093262,5.405992031097412,5.413000106811523,0.0
2025-09-01,5.432400226593018,5.453000068664551,5.41349983215332,5.432400226593018,0.0
2025-09-02,5.438399791717529,5.498799800872803,5.428830146789551,5.438399791717529,0.0
2025-09-03,5.4670000076293945,5.497499942779541,5.431721210479736,5.4670000076293945,0.0
2025-09-04,5.4481000900268555,5.4653000831604,5.4412031173706055,5.4481000900268555,0.0
2025-09-05,5.443999767303467,5.453999996185303,5.380386829376221,5.443999767303467,0.0
2025-09-08,5.412199974060059,5.446800231933594,5.399588108062744,5.412199974060059,0.0
2025-09-09,5.420300006866455,5.436600208282471,5.410991191864014,5.420300006866455,0.0
2025-09-10,5.433599948883057,5.4375,5.396238803863525,5.433599948883057,0.0
2025-09-11,5.4019999504089355,5.420899868011475,5.368774890899658,5.4019999504089355,0.0
2025-09-12,5.388199806213379,5.400300025939941,5.350599765777588,5.388199806213379,0.0
2025-09-15,5.35099983215332,5.359099864959717,5.308300018310547,5.35099983215332,0.0
2025-09-16,5.315199851989746,5.320899963378906,5.296718120574951,5.315199851989746,0.0
2025-09-17,5.29580020904541,5.308599948883057,5.287154197692871,5.29580020904541,0.0
2025-09-18,5.310100078582764,5.353799819946289,5.266174793243408,5.310100078582764,0.0
2025-09-19,5.304299831390381,5.337900161743164,5.2960309982299805,5.304299831390381,0.0
2025-09-22,5.320499897003174,5.363800048828125,5.316236972808838,5.320499897003174,0.0
2025-09-23,5.3343000411987305,5.344699859619141,5.281599998474121,5.3343000411987305,0.0
2025-09-24,5.281599998474121,5.317800045013428,5.274054050445557,5.281599998474121,0.0
2025-09-25,5.329899787902832,5.354000091552734,5.310100078582764,5.329899787902832,0.0
2025-09-26,5.363699913024902,5.372900009155273,5.332362174987793,5.363699913024902,0.0
2025-09-29,5.3422532081604,5.365499973297119,5.303999900817871,5.3422532081604,0.0
2025-09-30,5.321700096130371,5.338600158691406,5.302209854125977,5.321700096130371,0.0
2025-10-01,5.319499969482422,5.334700107574463,5.2870612144470215,5.319499969482422,0.0
2025-10-02,5.328800201416016,5.369900226593018,5.3043999671936035,5.328800201416016,0.0
2025-10-03,5.336599826812744,5.359399795532227,5.323599815368652,5.336599826812744,0.0
2025-10-06,5.33459997177124,5.364699840545654,5.309164047241211,5.33459997177124,0.0
2025-10-07,5.311200141906738,5.344200134277344,5.303206920623779,5.311200141906738,0.0
2025-10-08,5.353799819946289,5.361100196838379,5.327033042907715,5.353799819946289,0.0
2025-10-09,5.33519983291626,5.368100166320801,5.322348117828369,5.33519983291626,0.0
2025-10-10,5.377200126647949,5.4868998527526855,5.3577070236206055,5.377200126647949,0.0
2025-10-13,5.5229997634887695,5.558199882507324,5.4461750984191895,5.5229997634887695,0.0
2025-10-14,5.464099884033203,5.517300128936768,5.458352088928223,5.464099884033203,0.0
2025-10-15,5.481500148773193,5.495699882507324,5.433199882507324,5.481500148773193,0.0
2025-10-16,5.4492998123168945,5.453100204467773,5.420340061187744,5.4492998123168945,0.0
2025-10-17,5.440814971923828,5.457699775695801,5.4145002365112305,5.440814971923828,0.0
2025-10-20,5.406099796295166,5.436999797821045,5.366065979003906,5.406099796295166,0.0
2025-10-21,5.36870002746582,5.40339994430542,5.363375186920166,5.36870002746582,0.0
2025-10-22,5.38670015335083,5.399499893188477,5.376800060272217,5.38670015335083,0.0
2025-10-23,5.399400234222412,5.403500080108643,5.372660160064697,5.399400234222412,0.0
2025-10-24,5.382900238037109,5.395299911499023,5.362752914428711,5.382900238037109,0.0
2025-10-27,5.388299942016602,5.40369987487793,5.35907506942749,5.388299942016602,0.0
2025-10-28,5.373300075531006,5.3856000900268555,5.359300136566162,5.373300075531006,0.0
2025-10-29,5.357399940490723,5.364500045776367,5.332845211029053,5.357399940490723,0.0
2025-10-30,5.357800006866455,5.395500183105469,5.350706100463867,5.357800006866455,0.0
2025-10-31,5.381999969482422,5.397299766540527,5.36966609954834,5.381999969482422,0.0
2025-11-03,5.374599933624268,5.415599822998047,5.342924118041992,5.374599933624268,0.0
2025-11-04,5.354899883270264,5.3979997634887695,5.349092960357666,5.354899883270264,0.0
2025-11-05,5.395899772644043,5.404300212860107,5.352293968200684,5.395899772644043,0.0
2025-11-06,5.35860013961792,5.361700057983398,5.327264785766602,5.35860013961792,0.0
2025-11-07,5.3495001792907715,5.364200115203857,5.330880165100098,5.3495001792907715,0.0
2025-11-10,5.326944828033447,5.360400199890137,5.304290771484375,5.330900192260742,0.0
2025-11-11,5.289899826049805,5.313899993896484,5.2617998123168945,5.289700031280518,0.0
2025-11-12,5.272299766540527,5.301400184631348,5.263638019561768,5.270699977874756,0.0
2025-11-13,5.291800022125244,5.29610013961792,5.2581281661987305,5.291299819946289,0.0
2025-11-14,5.296599864959717,5.315000057220459,5.2697319984436035,5.296500205993652,0.0
2025-11-17,5.291545867919922,5.314000129699707,5.288137912750244,5.295599937438965,0.0
2025-11-18,5.3277997970581055,5.343599796295166,5.315100193023682,5.329500198364258,0.0
2025-11-19,5.320899963378906,5.342199802398682,5.313514232635498,5.321499824523926,0.0
2025-11-20,5.32919979095459,5.3343000411987305,5.323634147644043,5.32859992980957,0.0
2025-11-21,5.331999778747559,5.428400039672852,5.324872016906738,5.332300186157227,0.0
2025-11-24,5.397506237030029,5.425000190734863,5.377900123596191,5.402100086212158,0.0
2025-11-25,5.38730001449585,5.4105000495910645,5.352700233459473,5.3867998123168945,0.0
2025-11-26,5.38129997253418,5.388000011444092,5.341587066650391,5.37939977645874,0.0
2025-11-27,5.329599857330322,5.360000133514404,5.3190507888793945,5.3308000564575195,0.0
2025-11-28,5.355999946594238,5.381899833679199,5.315028190612793,5.355400085449219,0.0
2025-12-01,5.333700180053711,5.3907999992370605,5.322563171386719,5.335400104522705,0.0
2025-12-02,5.356599807739258,5.373899936676025,5.3308000564575195,5.355800151824951,0.0
2025-12-03,5.322516918182373,5.349400043487549,5.2929182052612305,5.326300144195557,0.0
2025-12-04,5.302420139312744,5.317999839782715,5.281345844268799,5.306099891662598,0.0
2025-12-05,5.304078102111816,5.423699855804443,5.301711082458496,5.309299945831299,0.0
2025-12-08,5.433414936065674,5.463799953460693,5.3871331214904785,5.4380998611450195,0.0
2025-12-09,5.430699825286865,5.494100093841553,5.420000076293945,5.429999828338623,0.0
2025-12-10,5.433499813079834,5.488999843597412,5.412455081939697,5.43149995803833,0.0
2025-12-11,5.470200061798096,5.493899822235107,5.393927097320557,5.469799995422363,0.0
2025-12-12,5.405399799346924,5.4222002029418945,5.3754119873046875,5.4054999351501465,0.0
2025-12-15,5.417300224304199,5.427700042724609,5.381100177764893,5.4182000160217285,0.0
2025-12-16,5.414899826049805,5.472400188446045,5.4059319496154785,5.413400173187256,0.0
2025-12-17,5.509300231933594,5.529300212860107,5.46026611328125,5.507500171661377,0.0
2025-12-18,5.518799781799316,5.556600093841553,5.5019001960754395,5.518499851226807,0.0
2025-12-19,5.519000053405762,5.55049991607666,5.495327949523926,5.521299839019775,0.0
2025-12-22,5.541500091552734,5.583000183105469,5.514793872833252,5.53980016708374,0.0
2025-12-23,5.590000152587891,5.616799831390381,5.528968811035156,5.590000152587891,0.0
2025-12-24,5.520500183105469,5.52269983291626,5.512667179107666,5.518499851226807,0.0
2025-12-25,,,,,
2025-12-26,5.514800071716309,5.565000057220459,5.514800071716309,5.519499778747559,0.0
2025-12-29,5.542799949645996,5.584099769592285,5.535520076751709,5.542500019073486,0.0
2025-12-30,5.5721001625061035,5.577700138092041,5.481326103210449,5.5690999031066895,0.0
2025-12-31,5.47629976272583,5.5100998878479,5.467892169952393,5.476200103759766,0.0
2026-01-01,,,,,
2026-01-02,5.518799781799316,5.535999774932861,5.416350841522217,5.517000198364258,0.0
2026-01-05,5.424499988555908,5.450799942016602,5.403541088104248,5.421599864959717,0.0
2026-01-06,5.407199859619141,5.415800094604492,5.360429763793945,5.40749979019165,0.0
2026-01-07,5.3719000816345215,5.39739990234375,5.363890171051025,5.372000217437744,0.0
2026-01-08,5.384099960327148,5.397600173950195,5.373377799987793,5.383900165557861,0.0
2026-01-09,5.387199878692627,5.4029998779296875,5.349451065063477,5.386600017547607,0.0
2026-01-12,5.365025043487549,5.406199932098389,5.348852157592773,5.370299816131592,0.0
2026-01-13,5.373600006103516,5.390699863433838,5.359512805938721,5.373700141906738,0.0
2026-01-14,5.371200084686279,5.412700176239014,5.357100009918213,5.371300220489502,0.0
2026-01-15,5.395699977874756,5.401800155639648,5.356322765350342,5.396100044250488,0.0
2026-01-16,5.366099834442139,5.3917999267578125,5.359610080718994,5.3678998947143555,0.0
2026-01-19,5.36093282699585,5.379300117492676,5.344699859619141,5.367700099945068,0.0
2026-01-20,5.36870002746582,5.418700218200684,5.35298490524292,5.36870002746582,0.0
2026-01-21,5.373600006103516,5.376100063323975,5.313124179840088,5.374300003051758,0.0
2026-01-22,5.3180999755859375,5.346199989318848,5.284808158874512,5.31879997253418,0.0
2026-01-23,5.283400058746338,5.302299976348877,5.276165962219238,5.283699989318848,0.0
2026-01-26,5.285799980163574,5.354100227355957,5.253293037414551,5.288899898529053,0.0
2026-01-27,5.272644996643066,5.308599948883057,5.2042460441589355,5.279099941253662,0.0
2026-01-28,5.183499813079834,5.218400001525879,5.169948101043701,5.183599948883057,0.0
2026-01-29,5.195400238037109,5.2459001541137695,5.169000148773193,5.1971001625061035,0.0
2026-01-30,5.191500186920166,5.247499942779541,5.178730010986328,5.189199924468994,0.0
2026-02-02,5.259399890899658,5.310800075531006,5.235021114349365,5.255000114440918,0.0
2026-02-03,5.26039981842041,5.2758002281188965,5.201772212982178,5.259399890899658,0.0
2026-02-04,5.236999988555908,5.256700038909912,5.2113261222839355,5.237500190734863,0.0
2026-02-05,5.238399982452393,5.278600215911865,5.2308430671691895,5.23799991607666,0.0
2026-02-06,5.270699977874756,5.339700222015381,5.2658891677856445,5.270500183105469,0.0
2026-02-09,5.217199802398682,5.238100051879883,5.172699928283691,5.21589994430542,0.0
2026-02-10,5.191199779510498,5.238399982452393,5.178644180297852,5.1915998458862305,0.0
2026-02-11,5.195000171661377,5.208000183105469,5.172100067138672,5.196199893951416,0.0
2026-02-12,5.1992998123168945,5.199999809265137,5.1522650718688965,5.198699951171875,0.0
2026-02-13,5.21150016784668,5.241600036621094,5.204096794128418,5.213900089263916,0.0
2026-02-16,5.220699787139893,5.239500045776367,5.2165608406066895,5.217899799346924,0.0
2026-02-17,5.243899822235107,5.254000186920166,5.213106155395508,5.243899822235107,0.0
2026-02-18,5.222400188446045,5.223499774932861,5.192834854125977,5.2204999923706055,0.0
2026-02-19,5.234499931335449,5.2494001388549805,5.208364009857178,5.234399795532227,0.0
2026-02-20,5.208799839019775,5.221199989318848,5.173778057098389,5.208799839019775,0.0
2026-02-23,5.178100109100342,5.1930999755859375,5.1370649337768555,5.176499843597412,0.0
2026-02-24,5.17080020904541,5.182600021362305,5.136723041534424,5.170899868011475,0.0
2026-02-25,5.1519999504089355,5.163400173187256,5.117134094238281,5.1519999504089355,0.0
2026-02-26,5.124300003051758,5.154799938201904,5.117571830749512,5.124199867248535,0.0
2026-02-27,5.136600017547607,5.166500091552734,5.122401237487793,5.136600017547607,0.0
2026-03-02,5.129000186920166,5.239200115203857,5.122012138366699,5.1296000480651855,0.0
2026-03-03,5.170300006866455,5.338500022888184,5.163585186004639,5.170300006866455,0.0
2026-03-04,5.2758002281188965,5.281099796295166,5.1895270347595215,5.277299880981445,0.0
2026-03-05,5.230100154876709,5.282800197601318,5.220427989959717,5.230100154876709,0.0
2026-03-06,5.26230001449585,5.313300132751465,5.256507873535156,5.263400077819824,0.0
2026-03-09,5.239880084991455,5.294099807739258,5.212800025939941,5.243500232696533,0.0
2026-03-10,5.203499794006348,5.231800079345703,5.1378068923950195,5.2052998542785645,0.0
2026-03-11,5.163899898529053,5.213099956512451,5.149899959564209,5.162399768829346,0.0
2026-03-12,5.168499946594238,5.232999801635742,5.15500020980835,5.151400089263916,0.0
2026-03-13,5.245100021362305,5.285399913787842,5.214049816131592,5.243899822235107,0.0
2026-03-16,5.3226470947265625,5.384300231933594,5.247350215911865,5.329100131988525,0.0
2026-03-17,5.231800079345703,5.248499870300293,5.18620491027832,5.233399868011475,0.0
2026-03-18,5.19290018081665,5.22790002822876,5.1765289306640625,5.19290018081665,0.0
2026-03-19,5.26170015335083,5.323699951171875,5.230823993682861,5.2621002197265625,0.0
2026-03-20,5.220300197601318,5.306700229644775,5.212561130523682,5.219900131225586,0.0
2026-03-23,5.308650970458984,5.365900039672852,5.249292850494385,5.3119001388549805,0.0
2026-03-24,5.234300136566162,5.288300037384033,5.222003936767578,5.232900142669678,0.0
2026-03-25,5.232100009918213,5.257500171661377,5.2087249755859375,5.232600212097168,0.0
2026-03-26,5.236400127410889,5.256800174713135,5.216276168823242,5.236800193786621,0.0
2026-03-27,5.23122501373291,5.275199890136719,5.211410045623779,5.235099792480469,0.0
2026-03-30,5.2378997802734375,5.270299911499023,5.218984127044678,5.23799991607666,0.0
2026-03-31,5.263700008392334,5.264800071716309,5.202400207519531,5.263999938964844,0.0
2026-04-01,5.1921000480651855,5.202099800109863,5.148193836212158,5.192800045013428,0.0
2026-04-02,5.154600143432617,5.186999797821045,5.14300012588501,5.1545000076293945,0.0
2026-04-03,5.157199859619141,5.157800197601318,5.1493377685546875,5.156400203704834,0.0
2026-04-06,5.155490875244141,5.17549991607666,5.137163162231445,5.157899856567383,0.0
2026-04-07,5.139200210571289,5.170100212097168,5.128066062927246,5.138299942016602,0.0
2026-04-08,5.150000095367432,5.174699783325195,5.065199851989746,5.150599956512451,0.0
2026-04-09,5.0991997718811035,5.140399932861328,5.064899921417236,5.100200176239014,0.0
2026-04-10,5.096199989318848,5.110300064086914,5.005799770355225,5.095799922943115,0.0
2026-04-13,5.005199909210205,5.04449987411499,4.994214057922363,5.005000114440918,0.0
2026-04-14,4.995299816131592,4.996500015258789,4.965954780578613,4.9944000244140625,0.0
2026-04-15,4.9857001304626465,5.000100135803223,4.974616050720215,4.984799861907959,0.0
2026-04-16,4.993100166320801,5.0131001472473145,4.977703094482422,4.992400169372559,0.0
2026-04-17,4.990699768066406,4.993800163269043,4.947052955627441,4.987090110778809,0.0
2026-04-20,5.004000186920166,5.046000003814697,4.968792915344238,5.00629997253418,0.0
2026-04-21,4.952600002288818,4.9764227867126465,4.94639778137207,4.952400207519531,0.0
2026-04-22,5.009300231933594,5.015999794006348,4.95687198638916,5.007999897003174,0.0
2026-04-23,4.981825828552246,4.986999988555908,4.943900108337402,4.984899997711182,0.0
2026-04-24,5.031799793243408,5.064000129699707,4.99459981918335,5.030799865722656,0.0
2026-04-27,4.979400157928467,5.020500183105469,4.963799953460693,4.979100227355957,0.0
2026-04-28,5.000500202178955,5.048099994659424,4.9753570556640625,4.999599933624268,0.0
2026-04-29,4.994699954986572,5.039237976074219,4.967577934265137,4.99429988861084,0.0
2026-04-30,5.017199993133545,5.018400192260742,4.971635818481445,5.017499923706055,0.0
2026-05-01,4.969699859619141,4.973599910736084,4.9484758377075195,4.9695000648498535,0.0
2026-05-04,4.956500053405762,4.985799789428711,4.944540023803711,4.951929092407227,0.0
2026-05-05,4.984099864959717,4.985000133514404,4.917699813842773,4.984799861907959,0.0
2026-05-06,4.927299976348877,4.955699920654297,4.892199993133545,4.927299976348877,0.0
2026-05-07,4.937699794769287,4.958499908447266,4.905163764953613,4.932271957397461,0.0
2026-05-08,4.938767910003662,4.945199966430664,4.891200065612793,4.944900035858154,0.0
2026-05-11,4.9131999015808105,4.937099933624268,4.8831000328063965,4.913300037384033,0.0
2026-05-12,4.906400203704834,4.940031051635742,4.881165027618408,4.906400203704834,0.0
2026-05-13,4.9105000495910645,4.952899932861328,4.8864030838012695,4.9096999168396,0.0
2026-05-14,5.019843101501465,5.025700092315674,4.971799850463867,5.024899959564209,0.0
2026-05-15,4.998740196228027,5.102200031280518,4.977981090545654,5.0040998458862305,0.0
2026-05-18,5.0605998039245605,5.066800117492676,5.007699966430664,5.060400009155273,0.0
2026-05-19,5.008800029754639,5.073665142059326,4.984245777130127,5.005624771118164,0.0
2026-05-20,5.058300018310547,5.087800025939941,5.002131938934326,5.058199882507324,0.0
2026-05-21,5.0117998123168945,5.038899898529053,4.993766784667969,5.01170015335083,0.0
2026-05-22,5.017399787902832,5.050899982452393,4.996091842651367,5.017099857330322,0.0
2026-05-25,5.025100231170654,5.036300182342529,4.991311073303223,5.025700092315674,0.0
2026-05-26,5.01039981842041,5.072000026702881,5.002589225769043,5.01039981842041,0.0
2026-05-27,5.044300079345703,5.104499816894531,5.023200035095215,5.04449987411499,0.0
2026-05-28,5.07289981842041,5.083399772644043,5.03980016708374,5.07289981842041,0.0
2026-05-29,5.051700115203857,5.104899883270264,5.035200119018555,5.051700115203857,0.0
2026-06-01,5.03879976272583,5.057000160217285,5.015600204467773,5.0391998291015625,0.0
2026-06-02,5.032837867736816,5.039400100708008,5.002399921417236,5.038599967956543,0.0
2026-06-03,5.020500183105469,5.067800045013428,4.997806072235107,5.020699977874756,0.0
2026-06-04,5.0715742111206055,5.080399990081787,5.05620002746582,5.077400207519531,0.0
2026-06-05,5.063300132751465,5.1792449951171875,5.049923896789551,5.060699939727783,0.0
2026-06-08,5.179699897766113,5.225500106811523,5.132400035858154,5.177000045776367,0.0
2026-06-09,5.202700138092041,5.203800201416016,5.151044845581055,5.203100204467773,0.0
2026-06-10,5.190400123596191,5.209258079528809,5.153181076049805,5.190100193023682,0.0
2026-06-11,5.192399978637695,5.194399833679199,5.135799884796143,5.1921000480651855,0.0
2026-06-12,5.11329984664917,5.130199909210205,5.068999767303467,5.113800048828125,0.0
2026-06-15,5.061100006103516,5.072400093078613,5.040200233459473,5.0609002113342285,0.0
2026-06-16,5.074699878692627,5.134460926055908,5.050300121307373,5.075099945068359,0.0
2026-06-17,5.099294185638428,5.107800006866455,5.0578999519348145,5.101900100708008,0.0
2026-06-18,5.122200012207031,5.190100193023682,5.099013805389404,5.122099876403809,0.0
2026-06-19,5.182000160217285,5.182300090789795,5.131824016571045,5.18149995803833,0.0
2026-06-22,5.151000022888184,5.170100212097168,5.124599933624268,5.151400089263916,0.0
2026-06-23,5.156199932098389,5.220699787139893,5.135362148284912,5.156499862670898,0.0
2026-06-24,5.198500156402588,5.235599994659424,5.175436973571777,5.197700023651123,0.0
2026-06-25,5.207600116729736,5.231500148773193,5.1833882331848145,5.207499980926514,0.0
2026-06-26,5.193999767303467,5.217068195343018,5.161636829376221,5.1940999031066895,0.0
2026-06-29,5.16410493850708,5.218900203704834,5.147663116455078,5.1707000732421875,0.0
2026-06-30,5.18720006942749,5.227935791015625,5.165238857269287,5.181787014007568,0.0
2026-07-01,5.175600051879883,5.2460150718688965,5.152451038360596,5.174699783325195,0.0
2026-07-02,5.221099853515625,5.221700191497803,5.1691999435424805,5.220600128173828,0.0
2026-07-03,5.2221999168396,5.2230000495910645,5.168231010437012,5.2221999168396,0.0
2026-07-06,5.184800148010254,5.196878910064697,5.146299839019775,5.1844000816345215,0.0
2026-07-07,5.143400192260742,5.181700229644775,5.11899995803833,5.143599987030029,0.0
2026-07-08,5.17080020904541,5.181399822235107,5.136099815368652,5.170899868011475,0.0
2026-07-09,5.1631999015808105,5.1923298835754395,5.120652198791504,5.16349983215332,0.0
2026-07-10,5.133999824523926,5.161489009857178,5.106100082397461,5.133900165557861,0.0
2026-07-13,5.107900142669678,5.1743998527526855,5.101414203643799,5.107800006866455,0.0
2026-07-14,5.148399829864502,5.149099826812744,5.076381206512451,5.147900104522705,0.0
2026-07-15,5.087699890136719,5.094299793243408,5.065084934234619,5.087900161743164,0.0
2026-07-16,5.090799808502197,5.130499839782715,5.069868087768555,5.09089994430542,0.0
2026-07-17,5.113699913024902,5.166900157928467,5.090672969818115,5.11359977722168,0.0
2026-07-20,5.127099990844727,5.127099990844727,5.077559947967529,5.126999855041504,0.0
2026-07-21,5.105100154876709,5.105199813842773,5.071700096130371,5.104400157928467,0.0
2026-07-22,5.0815839767456055,5.093400001525879,5.058633804321289,5.087500095367432,0.0
2026-07-23,5.068399906158447,5.1305999755859375,5.050662040710449,5.062488079071045,0.0
2026-07-24,5.096700191497803,5.098299980163574,5.058000087738037,5.09689998626709,0.0
2026-07-27,5.081900119781494,5.126805782318115,5.075699806213379,5.082499980926514,0.0
2026-07-28,5.128300189971924,5.158106803894043,5.104986190795898,5.123025894165039,0.0
2026-07-29,5.131285190582275,5.169899940490723,5.103316783905029,5.1371002197265625,0.0
2026-07-30,5.127500057220459,5.128499984741211,5.070199966430664,5.127099990844727,0.0
2026-07-31,5.077099800109863,5.127200126647949,5.053299903869629,5.078100204467773,0.0
2026-08-03,5.072700023651123,5.118500232696533,5.055799961090088,5.072700023651123,0.0
2026-08-04,5.103000164031982,5.151299953460693,5.0746002197265625,5.10290002822876,0.0
2026-08-05,5.143599987030029,5.1442999839782715,5.102200031280518,5.143700122833252,0.0
2026-08-06,5.137800216674805,5.138999938964844,5.09499979019165,5.138500213623047,0.0
2026-08-07,5.118827819824219,5.1230998039245605,5.070359230041504,5.121799945831299,0.0
2026-08-10,5.082300186157227,5.1016998291015625,5.0764288902282715,5.082600116729736,0.0
2026-08-11,5.10699987411499,5.186800003051758,5.0960001945495605,5.105999946594238,0.0
2026-08-12,5.172999858856201,5.197700023651123,5.144398212432861,5.173500061035156,0.0
2026-08-13,5.195300102233887,5.233799934387207,5.171976089477539,5.195400238037109,0.0
2026-08-14,5.19950008392334,5.240699768066406,5.167287826538086,5.19980001449585,0.0
2026-08-17,5.221199989318848,5.222499847412109,5.175217151641846,5.221700191497803,0.0
2026-08-18,5.202300071716309,5.217599868774414,5.189382076263428,5.202499866485596,0.0
2026-08-19,5.214099884033203,5.2164998054504395,5.154727935791016,5.214300155639648,0.0
2026-08-20,5.176700115203857,5.19890022277832,5.170207977294922,5.176700115203857,0.0
2026-08-21,5.1930999755859375,5.195700168609619,5.146299839019775,5.1930999755859375,0.0
2026-08-24,5.13700008392334,5.1596999168396,5.1307501792907715,5.13730001449585,0.0
2026-08-25,5.154699802398682,5.163599967956543,5.135583877563477,5.154300212860107,0.0
2026-08-26,5.146299839019775,5.162600040435791,5.137365818023682,5.146399974822998,0.0
2026-08-27,5.14769983291626,5.17549991607666,5.1376447677612305,5.14739990234375,0.0
2026-08-28,5.157915115356445,5.214700222015381,5.154996871948242,5.161099910736084,0.0
2026-08-31,5.190800189971924,5.199100017547607,5.156425952911377,5.191199779510498,0.0
2026-09-01,5.181399822235107,5.215799808502197,5.137700080871582,5.181700229644775,0.0
2026-09-02,5.152400016784668,5.166900157928467,5.10121488571167,5.152200222015381,0.0
2026-09-03,5.091599941253662,5.110799789428711,5.070825099945068,5.092700004577637,0.0
2026-09-04,5.101500034332275,5.1356000900268555,5.094943046569824,5.10099983215332,0.0
2026-09-07,5.126100063323975,5.128200054168701,5.1183600425720215,5.126200199127197,0.0
2026-09-08,5.126299858093262,5.1296000480651855,5.069602012634277,5.126699924468994,0.0
2026-09-09,5.086100101470947,5.111100196838379,5.0802001953125,5.084799766540527,0.0
2026-09-10,5.103499889373779,5.143199920654297,5.082657814025879,5.103400230407715,0.0
2026-09-11,5.102799892425537,5.116099834442139,5.071100234985352,5.102799892425537,0.0
2026-09-14,5.1143999099731445,5.179800033569336,5.1111578941345215,5.111207962036133,0.0
2026-09-15,5.137899875640869,5.159299850463867,5.1203999519348145,5.138000011444092,0.0
2026-09-16,5.14300012588501,5.158199787139893,5.134583950042725,5.142899990081787,0.0
2026-09-17,5.151700019836426,5.172299861907959,5.1214399337768555,5.150899887084961,0.0
2026-09-18,5.124000072479248,5.164599895477295,5.117824077606201,5.124100208282471,0.0
2026-09-21,5.139800071716309,5.145599842071533,5.10037088394165,5.140699863433838,0.0
2026-09-22,5.110599994659424,5.133600234985352,5.101367950439453,5.110400199890137,0.0
2026-09-23,5.100299835205078,5.1528000831604,5.093455791473389,5.099899768829346,0.0
2026-09-24,5.16540002822876,5.19920015335083,5.156613826751709,5.164299964904785,0.0
2026-09-25,5.190400123596191,5.212200164794922,5.172004222869873,5.190499782562256,0.0
2026-09-28,5.1822428703308105,5.2256999015808105,5.173365116119385,5.1875,0.0
2026-09-29,5.222799777984619,5.237100124359131,5.196599960327148,5.222899913787842,0.0
2026-09-30,5.202899932861328,5.21019983291626,5.163899898529053,5.202899932861328,0.0
2026-10-01,5.174013137817383,5.2342000007629395,5.170199871063232,5.179100036621094,0.0
2026-10-02,5.222300052642822,5.237100124359131,5.199740886688232,5.222599983215332,0.0
